Cell ID,True Label,Predicted Label,Effector Memory CD8 Probability,Naive CD8 Probability,Temra CD8 Probability
CTGACAGATTTCTG-1,Temra CD8,Temra CD8,0.04096658,0.0013595357,0.95767385
TAGGCAACAAAGTG-5,Temra CD8,Temra CD8,0.0018421059,0.00036033333,0.9977976
ACCCGTTGTCGACA-2,Temra CD8,Temra CD8,0.10376684,0.01153453,0.8846986
GACCTCACTTCCGC-6,Temra CD8,Temra CD8,0.002704403,0.00024139194,0.9970542
ACTACTACTTCGGA-2,Temra CD8,Temra CD8,0.00031899798,3.8063863e-05,0.99964297
TAGGAGCTCAGGAG-7,Naive CD8,Naive CD8,0.00022251456,0.9997012,7.628701e-05
CCAAGTGAGCTCCT-2,Naive CD8,Naive CD8,0.0063427677,0.99356824,8.903688e-05
TAGGGACTTCTAGG-7,Naive CD8,Naive CD8,0.02887911,0.9708028,0.00031812396
TCGTAGGACTCCCA-4,Naive CD8,Naive CD8,0.01053338,0.98909366,0.0003729487
ACTTAAGACATCAG-3,Naive CD8,Naive CD8,0.0006766918,0.9992692,5.4105636e-05
GGACCGTGCTCGCT-5,Effector Memory CD8,Effector Memory CD8,0.98283535,0.0026307767,0.014533803
TAACTAGATGCAGT-3,Temra CD8,Temra CD8,0.0007008209,6.884343e-05,0.9992304
AATAGGGAAAACAG-3,Effector Memory CD8,Effector Memory CD8,0.9993253,0.00039106526,0.00028368525
ATTTGCACCGTAGT-3,Temra CD8,Temra CD8,0.0022025018,0.00011664302,0.9976808
GGGACCACTCGTGA-4,Naive CD8,Naive CD8,0.0003976703,0.99954057,6.184014e-05
AGTTCTTGAAGTGA-1,Effector Memory CD8,Effector Memory CD8,0.99726486,0.0009785353,0.0017565558
GTCAATCTGGAAAT-8,Temra CD8,Effector Memory CD8,0.6474267,0.00086505763,0.3517082
TCGACCTGTTCTCA-7,Temra CD8,Temra CD8,0.0029382766,8.865806e-05,0.99697304
TGATATGACGTTGA-4,Temra CD8,Temra CD8,0.0032158059,0.00023132547,0.9965528
GGCCGATGCAAAGA-4,Effector Memory CD8,Effector Memory CD8,0.99955434,0.00022584798,0.00021975927
GCACCTTGTTTACC-7,Naive CD8,Naive CD8,0.0003298353,0.9995548,0.00011531738
TAGGTTCTTGAGCT-8,Temra CD8,Temra CD8,0.0009922024,0.0001737912,0.9988341
TAAGGCTGGGGCAA-1,Naive CD8,Naive CD8,0.000570489,0.9993635,6.606774e-05
ATCGCCTGTGACTG-2,Temra CD8,Temra CD8,0.00010997256,0.00010403298,0.99978596
CGTACAGAACCATG-1,Naive CD8,Naive CD8,0.00028900825,0.9996846,2.6476322e-05
CAGATCGATGTGGT-8,Naive CD8,Naive CD8,0.0030084741,0.9967512,0.0002403294
AGAGAAACGACAGG-1,Temra CD8,Temra CD8,0.00012056838,2.1552967e-05,0.9998579
GTTCATACGACGTT-4,Naive CD8,Naive CD8,0.016943216,0.9828897,0.00016701347
GAAAGTGATTGAGC-4,Effector Memory CD8,Effector Memory CD8,0.9888205,0.009810103,0.0013694583
ATAGCTCTAGGGTG-4,Effector Memory CD8,Effector Memory CD8,0.99488467,0.0013066515,0.0038086232
ACCACCTGTCATTC-4,Temra CD8,Temra CD8,0.0046360632,0.00014068236,0.9952232
GATAAGGATGTTCT-2,Temra CD8,Temra CD8,0.0014092928,0.000104954015,0.99848574
ATTCAGCTTGTCAG-1,Effector Memory CD8,Effector Memory CD8,0.9134604,0.00082864397,0.085710935
AAGTTATGAAAGCA-4,Effector Memory CD8,Effector Memory CD8,0.98917913,0.005580479,0.005240355
GCAGGCACGTATGC-2,Naive CD8,Naive CD8,0.005062449,0.9946319,0.00030562168
ACGAACTGTGGAGG-2,Effector Memory CD8,Effector Memory CD8,0.97161937,0.001451349,0.02692925
GGACAGGAGATACC-2,Effector Memory CD8,Effector Memory CD8,0.99012405,0.005765552,0.0041104225
ACTACTACCCGCTT-6,Naive CD8,Naive CD8,0.0025265645,0.99732214,0.00015128595
CGGAGGCTCAGCTA-3,Naive CD8,Naive CD8,0.0024657936,0.9974291,0.00010506515
TGTGAGTGCTTGAG-5,Effector Memory CD8,Effector Memory CD8,0.995581,0.0031579642,0.0012611087
TTAACCACTCCTTA-7,Temra CD8,Temra CD8,0.006337828,0.00035401215,0.9933082
CCTCTACTACGCAT-3,Temra CD8,Temra CD8,0.0040240507,0.00012632433,0.9958496
TTCAGTACCTCATT-4,Effector Memory CD8,Effector Memory CD8,0.9972051,0.0017754856,0.0010194589
AAGGCTTGTGGAAA-8,Temra CD8,Temra CD8,0.003170063,6.121839e-05,0.9967687
GGAAGGACTTGCAG-8,Effector Memory CD8,Effector Memory CD8,0.9810029,0.018041098,0.0009559863
ACCACAGAAGCAAA-7,Naive CD8,Naive CD8,0.0016553176,0.9980673,0.0002773681
GTCCAGCTAAGCAA-5,Effector Memory CD8,Effector Memory CD8,0.99758387,0.0010495427,0.0013665998
GATTCGGAGTGTCA-2,Effector Memory CD8,Effector Memory CD8,0.984866,0.0011490406,0.013984972
GTCGACCTCGCAAT-8,Temra CD8,Temra CD8,0.00015877918,2.6922211e-05,0.99981433
ATGAGCACACGACT-3,Temra CD8,Temra CD8,0.023079006,0.0014236992,0.97549736
AAGCCATGCAAGCT-7,Naive CD8,Naive CD8,0.20957567,0.7855465,0.0048779105
TACTCTGACTGTCC-4,Effector Memory CD8,Effector Memory CD8,0.999474,0.00017255597,0.00035349536
ACTGTGGATCGCCT-6,Naive CD8,Naive CD8,0.0007,0.9992372,6.2802224e-05
CTAATAGAGGTCAT-6,Temra CD8,Temra CD8,0.45496866,0.013215675,0.5318157
AACCCAGATCGCCT-4,Naive CD8,Naive CD8,0.002159603,0.99751675,0.00032370252
CATGTACTAGATGA-3,Temra CD8,Effector Memory CD8,0.94090545,0.003807984,0.055286583
GAGGGAACTCTCGC-5,Naive CD8,Naive CD8,0.0012269233,0.9987167,5.6428617e-05
TCGGACCTCTCAGA-2,Naive CD8,Naive CD8,0.0021654065,0.99762326,0.00021129998
GTAATAACAAGATG-5,Effector Memory CD8,Effector Memory CD8,0.9742862,0.023800887,0.0019128671
GAGTACACTTCTTG-4,Effector Memory CD8,Effector Memory CD8,0.99695635,0.0006474632,0.0023961363
AGTTCTACTTTACC-6,Temra CD8,Effector Memory CD8,0.59425294,0.0022272374,0.40351978
CGCACTACCGAATC-2,Effector Memory CD8,Effector Memory CD8,0.98279494,0.013306526,0.0038985396
CCAACCTGTGTTTC-5,Temra CD8,Temra CD8,0.004071651,0.00029489034,0.9956334
AACGGTACTCGTAG-5,Effector Memory CD8,Effector Memory CD8,0.9929387,0.004744969,0.0023163292
ACTGCCTGACCTTT-4,Effector Memory CD8,Effector Memory CD8,0.99608827,0.0014098596,0.0025018558
AGCGGCACGGAGTG-6,Effector Memory CD8,Effector Memory CD8,0.9995345,5.779446e-05,0.00040774097
TCGACCTGATTCCT-6,Temra CD8,Temra CD8,0.0016484178,6.669661e-05,0.9982849
GCACGTCTACACCA-7,Temra CD8,Temra CD8,0.0018975558,0.00011996811,0.9979825
GCCTACACACCCTC-6,Temra CD8,Temra CD8,0.021636512,0.00058791036,0.9777755
AAGTAGGATGTGCA-8,Effector Memory CD8,Effector Memory CD8,0.98657644,0.0018455761,0.011577999
CTGAAGTGAACGAA-1,Effector Memory CD8,Effector Memory CD8,0.9260233,0.07221613,0.0017605224
ACACGATGTGCTTT-3,Naive CD8,Naive CD8,0.0006303509,0.99917173,0.00019795186
AGGGCCACGTCGTA-6,Naive CD8,Naive CD8,0.0014485038,0.99842024,0.00013123272
CTAGGATGCATGCA-8,Naive CD8,Naive CD8,0.0010446266,0.99864036,0.00031506535
GGAGACGATGGCAT-2,Effector Memory CD8,Effector Memory CD8,0.99609,0.0030975335,0.0008124311
TCACCGTGAAAAGC-4,Effector Memory CD8,Effector Memory CD8,0.93079495,0.060164962,0.0090400735
ATTGCGGACAGTCA-1,Effector Memory CD8,Effector Memory CD8,0.999485,0.0002688196,0.00024612114
CCAGATGAGCTTCC-3,Naive CD8,Naive CD8,0.00873419,0.9899929,0.0012728822
AATGTAACGTGTAC-5,Effector Memory CD8,Effector Memory CD8,0.92662007,0.00046543637,0.07291452
GCAATCGATGTTCT-5,Naive CD8,Naive CD8,0.004277722,0.9955843,0.00013793557
TTCAGTTGTGCAAC-4,Temra CD8,Temra CD8,0.00039630468,9.4661205e-05,0.999509
TCATTCGAAACGAA-2,Temra CD8,Temra CD8,0.07573608,0.0068756556,0.9173882
CGACGTCTTGTGGT-7,Temra CD8,Effector Memory CD8,0.59540886,0.3805005,0.02409064
TCCACGTGGAATAG-6,Naive CD8,Naive CD8,0.00086322177,0.9990522,8.452155e-05
ACTATCACACCAGT-5,Temra CD8,Temra CD8,0.003621568,0.0005966346,0.9957818
GGAACTACGAAGGC-1,Naive CD8,Naive CD8,0.0018977864,0.997843,0.0002592271
CGTGATGAGTTAGC-2,Naive CD8,Naive CD8,0.008045211,0.99180824,0.00014651811
GCTACGCTTGCAGT-4,Naive CD8,Naive CD8,0.017946519,0.98157984,0.0004736406
ACCAACGATGTCGA-2,Temra CD8,Temra CD8,0.0024478987,3.4514927e-05,0.9975176
GGCACGTGCCACCT-1,Naive CD8,Naive CD8,0.008140912,0.9913322,0.00052692747
CCATGCTGCCTTTA-8,Effector Memory CD8,Effector Memory CD8,0.89887017,0.016901186,0.08422861
GTTGGATGGGACTT-4,Naive CD8,Naive CD8,0.0046700533,0.9952472,8.277369e-05
CGCAAATGACGTAC-3,Temra CD8,Temra CD8,0.40381685,0.005267285,0.5909158
CATGCCACACTCAG-2,Effector Memory CD8,Temra CD8,0.44712925,0.002214518,0.55065626
TCCCATCTAACCAC-4,Naive CD8,Naive CD8,0.004108138,0.9950896,0.0008022762
ACGGTAACTAGCCA-5,Temra CD8,Temra CD8,0.00012379617,1.3856336e-05,0.9998623
TGGTCAGAAAGCAA-5,Temra CD8,Temra CD8,0.000701809,8.260791e-05,0.9992156
TGCAGATGTGTAGC-8,Effector Memory CD8,Effector Memory CD8,0.98718446,0.010545951,0.002269606
GATCTACTGAGGGT-7,Temra CD8,Effector Memory CD8,0.69148594,0.0031901598,0.3053239
TTCTGATGTAACCG-7,Naive CD8,Naive CD8,0.0013562214,0.9982408,0.00040295068
TCACCGTGTTGACG-1,Naive CD8,Naive CD8,0.0066968338,0.9925793,0.0007238435
ATAGCCGAAAGAGT-7,Naive CD8,Naive CD8,0.0069071385,0.9922259,0.0008670138
ACCATTACTTGTGG-8,Effector Memory CD8,Effector Memory CD8,0.9994165,0.00010784287,0.00047570094
ATGTCGGATCCTAT-1,Effector Memory CD8,Effector Memory CD8,0.9873914,0.004072106,0.008536493
CTGAGCCTTCCGAA-8,Effector Memory CD8,Effector Memory CD8,0.99773574,0.001518425,0.0007458029
TGGTAGACGATAGA-7,Effector Memory CD8,Effector Memory CD8,0.99884963,0.00054013956,0.00061017874
CGACGTCTGGTCTA-3,Effector Memory CD8,Effector Memory CD8,0.9914704,0.006984992,0.0015445853
CGAGTATGTTGCTT-1,Temra CD8,Temra CD8,0.00012361526,4.8722402e-05,0.9998276
ATAGCGTGGTTGGT-1,Naive CD8,Naive CD8,0.0022247322,0.9977155,5.981461e-05
TTATCCGACCTGAA-6,Naive CD8,Naive CD8,0.0017286876,0.99804664,0.00022463479
ATCCGCACTGAACC-4,Naive CD8,Naive CD8,0.0041762646,0.995171,0.0006526801
TCACCTCTGTGCTA-2,Naive CD8,Naive CD8,0.00017390813,0.99972254,0.00010353084
GCTCAGCTTATGGC-4,Temra CD8,Temra CD8,0.11427173,8.75877e-05,0.8856407
TGGTCAGATCGTTT-6,Naive CD8,Naive CD8,0.0019937917,0.9977786,0.0002276049
GATATATGCGAGAG-3,Effector Memory CD8,Effector Memory CD8,0.9378013,0.0013574061,0.06084127
CCCGGAGAGTAGGG-8,Effector Memory CD8,Effector Memory CD8,0.99575186,0.0008555386,0.0033926212
CGATACGAAGCCAT-8,Effector Memory CD8,Effector Memory CD8,0.7708012,0.10698908,0.12220969
TAGTATGAGTCTAG-5,Temra CD8,Temra CD8,0.2723699,0.002767965,0.72486216
ACGAACTGTTTCGT-6,Naive CD8,Naive CD8,0.004017071,0.99579465,0.0001882493
GATTGGACACGACT-6,Naive CD8,Naive CD8,0.00038689325,0.99954623,6.689683e-05
CGTACAGACTGATG-8,Effector Memory CD8,Effector Memory CD8,0.99442977,0.001829707,0.0037404932
TGGCACCTCCACAA-3,Effector Memory CD8,Effector Memory CD8,0.9837768,0.008978308,0.0072448305
CAAGCCCTGTAGGG-3,Effector Memory CD8,Effector Memory CD8,0.9962423,0.0018774008,0.0018803771
TCTTCAGAGTTCTT-6,Naive CD8,Naive CD8,0.0030943325,0.996757,0.000148702
TAGAATACTTGAGC-1,Naive CD8,Effector Memory CD8,0.8013626,0.19737181,0.0012656213
AACCACGAGTGCTA-8,Naive CD8,Naive CD8,0.0024829705,0.997436,8.103236e-05
ATTACCACGTTGGT-3,Effector Memory CD8,Effector Memory CD8,0.96458435,0.0039469334,0.03146872
CTATGTTGCCCGTT-6,Temra CD8,Temra CD8,0.0009585991,4.6127447e-05,0.99899524
ACCACCTGGGTGGA-7,Effector Memory CD8,Effector Memory CD8,0.99401796,0.0005556737,0.005426382
AATGCGTGCACACA-3,Naive CD8,Naive CD8,0.000944716,0.9984968,0.0005585712
TGTATCTGAAACAG-8,Effector Memory CD8,Effector Memory CD8,0.94718045,0.025862671,0.026956862
ATTAGATGGGGTGA-1,Naive CD8,Naive CD8,0.00043010947,0.999524,4.5849385e-05
TCACCTCTGAAGGC-5,Effector Memory CD8,Effector Memory CD8,0.928806,0.061556004,0.009637991
GGCCCAGAGCAAGG-4,Temra CD8,Temra CD8,0.0013801629,4.8466438e-05,0.9985714
CAGGAACTTCTATC-5,Temra CD8,Temra CD8,0.005769252,0.0006843209,0.9935464
CGTAACGAGTTACG-8,Temra CD8,Temra CD8,0.002245977,5.0094743e-05,0.99770397
CTATAAGAGATACC-1,Temra CD8,Temra CD8,0.0012235596,0.000111298476,0.9986651
TCAATCACGACAGG-4,Temra CD8,Temra CD8,0.0057147853,0.00013077687,0.9941545
CGCCATACAGGAGC-3,Effector Memory CD8,Effector Memory CD8,0.96356046,0.0014322184,0.035007346
ACACGATGGACGAG-6,Naive CD8,Naive CD8,0.0032640053,0.9965545,0.00018152283
ACAGACACGACGGA-5,Effector Memory CD8,Effector Memory CD8,0.96923536,0.030062549,0.0007021341
GGTAGTACGGCATT-1,Naive CD8,Naive CD8,0.0004664753,0.99944586,8.76997e-05
GGAGAGACCATTGG-4,Temra CD8,Temra CD8,0.0012431295,0.0004336712,0.99832314
GGAACTACCAAGCT-3,Naive CD8,Naive CD8,0.0007299938,0.9990921,0.0001779624
TTAGGGACATTCGG-8,Naive CD8,Naive CD8,0.036149595,0.95845336,0.005397105
CCAGTCACGCCAAT-7,Effector Memory CD8,Effector Memory CD8,0.95190924,0.044746075,0.0033446623
GCGACTCTCACTCC-7,Temra CD8,Temra CD8,0.33865988,0.0035479069,0.6577922
TAGGTCGATTACCT-4,Effector Memory CD8,Effector Memory CD8,0.9935561,0.0018527291,0.004591176
CATGGCCTTCCCGT-2,Effector Memory CD8,Effector Memory CD8,0.9238206,0.02277721,0.053402234
CTACCTCTCCTCCA-7,Temra CD8,Temra CD8,0.001454165,3.0304289e-05,0.99851555
GATCTACTTGGCAT-1,Naive CD8,Naive CD8,0.00055900874,0.9993832,5.7725072e-05
CGCTACACGTTGCA-8,Effector Memory CD8,Effector Memory CD8,0.9952341,0.0017743106,0.0029916419
CGGATAACACTCTT-8,Naive CD8,Naive CD8,0.0003238697,0.99957794,9.814257e-05
TGATTAGAAAGATG-2,Effector Memory CD8,Effector Memory CD8,0.99874383,0.0006880385,0.0005681617
CCATCGTGGGACGA-8,Effector Memory CD8,Effector Memory CD8,0.9800249,0.01372679,0.0062483554
TCAGTACTTCACCC-7,Effector Memory CD8,Effector Memory CD8,0.99267524,0.0009622195,0.0063625188
GATGCCCTTGCCTC-5,Naive CD8,Naive CD8,0.013950452,0.9855619,0.00048766405
AAGATTACGTTCAG-1,Naive CD8,Naive CD8,0.0025631846,0.9973236,0.00011331859
ACAGACACAAAGCA-1,Effector Memory CD8,Effector Memory CD8,0.9990075,0.00073361816,0.00025888445
TCGATTTGCTTCGC-6,Naive CD8,Naive CD8,0.08666927,0.9118984,0.0014322866
CTTGAACTTCACGA-6,Naive CD8,Naive CD8,0.00028812228,0.9996117,0.000100271645
GCTAGAACCTGCAA-2,Effector Memory CD8,Effector Memory CD8,0.9975178,0.0013090726,0.0011731117
ACTCCCGACTCCCA-5,Temra CD8,Temra CD8,0.003762789,0.00035236776,0.99588484
TCACCGTGCGCTAA-3,Temra CD8,Temra CD8,0.012274511,0.00015509156,0.98757046
GCGTAATGATGGTC-4,Temra CD8,Temra CD8,0.0032215037,0.000580778,0.99619764
ACGCCTTGAATCGC-6,Effector Memory CD8,Effector Memory CD8,0.99844754,0.00067870726,0.00087377516
CTGTATACTGCTAG-4,Naive CD8,Naive CD8,0.026188457,0.9736535,0.00015804014
TCCTAATGATGGTC-5,Effector Memory CD8,Effector Memory CD8,0.9934809,0.00047460818,0.0060445317
CACTTAACCAAGCT-3,Temra CD8,Temra CD8,0.025984604,0.0017580548,0.9722573
AGCCGGTGCATACG-4,Temra CD8,Temra CD8,0.0014161649,0.00034538502,0.99823844
TAGGTCGATCAAGC-2,Naive CD8,Naive CD8,0.0015455128,0.9984131,4.1430987e-05
GCGAGAGACACAAC-8,Temra CD8,Temra CD8,0.04470614,0.0003134929,0.9549804
AGCATTCTGCGATT-4,Naive CD8,Naive CD8,0.00076542137,0.9991936,4.097867e-05
GGACTATGGCTTAG-8,Effector Memory CD8,Effector Memory CD8,0.99822456,0.000102486454,0.0016729729
TATGGGTGATCGTG-7,Temra CD8,Temra CD8,0.00049807143,0.00015326597,0.9993487
CGCCGAGATCTACT-6,Effector Memory CD8,Effector Memory CD8,0.99929976,0.0005012334,0.00019899487
TAGGTGACGTGTTG-7,Effector Memory CD8,Effector Memory CD8,0.9888581,0.003016347,0.008125487
TGCAAGTGGAGCTT-4,Effector Memory CD8,Effector Memory CD8,0.99853444,0.00017905321,0.0012864652
TTTAGCTGCTTTAC-1,Temra CD8,Temra CD8,0.0012383446,9.0787384e-05,0.99867094
GATTTAGAACTTTC-2,Naive CD8,Naive CD8,0.0018746854,0.9979399,0.00018536355
CAATAAACGCAGTT-8,Effector Memory CD8,Effector Memory CD8,0.99525756,0.0012477083,0.0034946988
TACATAGATGGGAG-2,Temra CD8,Temra CD8,0.04313362,0.00079139264,0.956075
TAGGCTGAGTCACA-7,Effector Memory CD8,Effector Memory CD8,0.98543686,0.013928916,0.0006342251
GCATCAGACCCACT-4,Effector Memory CD8,Effector Memory CD8,0.9995122,0.00023506384,0.00025270574
TCTACAACGACGTT-1,Effector Memory CD8,Effector Memory CD8,0.9976671,0.0018553578,0.000477558
GTTCAGGATAGCGT-2,Naive CD8,Naive CD8,0.00069290015,0.99922705,8.0041515e-05
GTACAGTGCTGTAG-3,Effector Memory CD8,Effector Memory CD8,0.99824274,0.0004886491,0.0012685636
ATACACCTCCTCAC-7,Temra CD8,Temra CD8,0.057723608,0.009992851,0.9322835
GGAGGCCTTCGACA-4,Temra CD8,Temra CD8,0.00044720081,6.508132e-05,0.99948764
CAGACAACTGGAGG-2,Naive CD8,Naive CD8,0.088375,0.9088584,0.002766553
ACAACCGATCCGAA-4,Temra CD8,Temra CD8,0.0010757754,4.810523e-05,0.99887615
TACGCCACTGTTTC-2,Effector Memory CD8,Effector Memory CD8,0.9787401,0.0014436126,0.019816255
CCTTAATGTGGAGG-3,Temra CD8,Temra CD8,0.073663354,0.0008075983,0.925529
CCAGACCTGTGTAC-6,Effector Memory CD8,Effector Memory CD8,0.68638927,0.007964575,0.30564618
TGATAAACCGCCTT-8,Naive CD8,Naive CD8,0.0060909633,0.9937172,0.00019177904
CATCCCGATCTATC-3,Effector Memory CD8,Effector Memory CD8,0.9997042,0.00016927808,0.00012654955
AACGCATGGCAGTT-5,Temra CD8,Temra CD8,0.0014575478,2.5030493e-05,0.99851745
CGAGGGCTTTTGCT-5,Temra CD8,Effector Memory CD8,0.97634333,0.006820383,0.016836317
CTGAATCTGGATTC-8,Naive CD8,Naive CD8,0.00051124673,0.9994011,8.768959e-05
TCGAATCTTCTACT-7,Effector Memory CD8,Naive CD8,0.23462462,0.7559479,0.009427493
AGCTGTGAGGATCT-2,Temra CD8,Temra CD8,0.035857186,0.0003471503,0.9637957
ACTTAAGACCTGTC-2,Naive CD8,Naive CD8,0.003160831,0.9967333,0.000105930216
GTATGGTGAGAGAT-6,Effector Memory CD8,Effector Memory CD8,0.980488,0.015298174,0.004213868
CTGAGAACCAGTCA-6,Effector Memory CD8,Effector Memory CD8,0.5661103,0.0032006912,0.430689
TTTCACGAGAAAGT-5,Temra CD8,Temra CD8,0.052747678,0.00059166824,0.94666064
TGGACCCTAAGTAG-1,Effector Memory CD8,Effector Memory CD8,0.99588364,0.0036051355,0.00051113823
GGATGTTGTCCTGC-8,Temra CD8,Temra CD8,0.0013433314,0.00019365328,0.99846303
CCCTCAGATCAGAC-5,Naive CD8,Naive CD8,0.005536034,0.9940578,0.00040613575
GCAAACTGCAACTG-2,Naive CD8,Naive CD8,0.00086300465,0.9990048,0.00013224367
TGATTAGAAGAGAT-6,Temra CD8,Temra CD8,0.0018558655,9.79945e-05,0.99804616
AAGACAGACGTTAG-5,Effector Memory CD8,Effector Memory CD8,0.9440165,0.05162391,0.0043595587
ATGGACACTGTCCC-8,Effector Memory CD8,Effector Memory CD8,0.9973476,0.0011670715,0.0014853145
CGACTCACTGCCCT-6,Temra CD8,Temra CD8,0.0029579236,0.00010701273,0.996935
CCAGCACTATACCG-3,Temra CD8,Temra CD8,0.0074343397,0.00038212826,0.9921835
AGCGCCGACCTGTC-5,Temra CD8,Temra CD8,0.05388305,0.0010598166,0.94505715
ACATACCTGTGTAC-1,Temra CD8,Temra CD8,0.0027178195,0.00010566871,0.9971765
GACGAGGACTTAGG-3,Temra CD8,Temra CD8,0.0080714375,0.00036470182,0.9915638
AATGTAACGGGTGA-8,Temra CD8,Temra CD8,0.0016636873,0.00013479183,0.9982015
TTATGGCTCACTTT-3,Naive CD8,Naive CD8,0.006082744,0.99371487,0.00020243303
TAGTCGGATTGACG-4,Effector Memory CD8,Effector Memory CD8,0.97703063,0.0045275516,0.01844186
AGAACGCTCATTTC-3,Naive CD8,Naive CD8,0.002390513,0.9964395,0.0011699755
GAGCAGGAATTCTC-3,Effector Memory CD8,Effector Memory CD8,0.67321223,0.005858886,0.3209289
GGTACAACCTGTTT-4,Effector Memory CD8,Effector Memory CD8,0.9252739,0.006780684,0.067945465
TGAGGTACGAACCT-8,Naive CD8,Naive CD8,0.11569094,0.8786963,0.005612763
AGAATACTGCATAC-1,Naive CD8,Naive CD8,0.019814845,0.9794723,0.0007128663
CTGATTTGCATACG-7,Naive CD8,Naive CD8,0.35839838,0.63431466,0.0072870185
CATTGTACGGTTTG-1,Naive CD8,Naive CD8,0.0013324344,0.99859565,7.195756e-05
GGAGCAGAAAACGA-6,Naive CD8,Naive CD8,0.036724675,0.9624368,0.0008384941
AGAGTCACTTTCGT-1,Naive CD8,Naive CD8,0.001946829,0.9977775,0.00027565943
AGTTTAGATCTCAT-3,Naive CD8,Naive CD8,0.00050327374,0.99942684,6.996793e-05
CGGATAACTTAGGC-7,Effector Memory CD8,Effector Memory CD8,0.88978183,0.00089087454,0.10932726
GATCGAACTCGCCT-3,Naive CD8,Naive CD8,0.0003495415,0.99962926,2.1175625e-05
ATAAGTACACGACT-3,Effector Memory CD8,Effector Memory CD8,0.97404647,0.009483835,0.016469697
CATCATACCGACAT-5,Effector Memory CD8,Effector Memory CD8,0.9622563,0.0007763685,0.03696732
TAGGTGACGAATAG-7,Effector Memory CD8,Effector Memory CD8,0.96807,0.026992397,0.0049376367
AGAGAAACTTGTCT-7,Effector Memory CD8,Effector Memory CD8,0.7235327,0.006811814,0.26965556
TAGTATGACGTCTC-3,Effector Memory CD8,Effector Memory CD8,0.9980715,0.00081269135,0.0011158393
CATGAGACAACTGC-1,Effector Memory CD8,Temra CD8,0.46924585,0.00032850413,0.5304256
TACCATTGGTTGGT-5,Naive CD8,Naive CD8,0.009401743,0.9901468,0.0004514823
CCAATTTGTTCTAC-8,Naive CD8,Naive CD8,0.0019644215,0.9979316,0.00010400901
ACTAAAACACTCTT-2,Effector Memory CD8,Effector Memory CD8,0.9943684,0.001612346,0.004019332
CACATGGACTGCTC-8,Effector Memory CD8,Temra CD8,0.3635292,0.0029181119,0.6335527
TGCTGAGACCAATG-6,Effector Memory CD8,Effector Memory CD8,0.9954131,0.0005328603,0.004054097
ATTCCAACAGAACA-6,Effector Memory CD8,Effector Memory CD8,0.94806147,0.02056751,0.031371072
CACAATCTTGGCAT-6,Effector Memory CD8,Effector Memory CD8,0.99627846,0.0023470793,0.0013744611
AGCATGACCAGAAA-8,Temra CD8,Temra CD8,0.029638074,0.00026573802,0.9700962
GTGAGGGACCCTCA-1,Effector Memory CD8,Effector Memory CD8,0.99187225,0.006083062,0.002044654
GGACATTGGAGACG-5,Naive CD8,Naive CD8,0.47164854,0.5266655,0.0016859323
TAGACGTGGTACGT-1,Naive CD8,Naive CD8,0.00064152566,0.9993181,4.034038e-05
TTTAGCTGTCATTC-2,Temra CD8,Temra CD8,0.0022231129,0.00021272844,0.9975642
ACCAGTGATACTGG-1,Naive CD8,Naive CD8,0.001924513,0.99795306,0.00012244773
TATCAGCTTTCTAC-7,Temra CD8,Temra CD8,0.0037472628,0.00032478865,0.9959279
TTCCATGATCGACA-7,Effector Memory CD8,Effector Memory CD8,0.94915295,0.0010917699,0.049755286
CTACGGCTGATAAG-7,Effector Memory CD8,Effector Memory CD8,0.997741,0.0013525768,0.00090650056
ACGTCGCTGGACGA-1,Naive CD8,Naive CD8,0.0013229557,0.9984604,0.00021659558
GACTGATGGTAAAG-3,Temra CD8,Temra CD8,0.0011088894,0.00019268486,0.99869835
GCTACAGAGTATCG-6,Temra CD8,Temra CD8,0.019427247,0.00040612943,0.9801666
CGACTGCTCGAATC-7,Temra CD8,Temra CD8,0.013903355,0.00043243403,0.98566425
CAAGGTTGAATCGC-6,Effector Memory CD8,Effector Memory CD8,0.99262977,0.005325913,0.0020442633
TCAGTGGAGGTGAG-2,Effector Memory CD8,Effector Memory CD8,0.99140704,0.0015201471,0.0070728506
GGAGGATGGAGGAC-5,Effector Memory CD8,Effector Memory CD8,0.99921834,0.00029285453,0.00048879633
TGATCGGAGAGACG-7,Effector Memory CD8,Effector Memory CD8,0.9497615,0.0038467504,0.046391733
GCCGACGACCAATG-8,Naive CD8,Naive CD8,0.0032477789,0.99659365,0.00015851288
GCAGGCACATACCG-2,Temra CD8,Temra CD8,0.0061328043,0.000119244054,0.99374795
CATAGTCTTTTGCT-8,Temra CD8,Temra CD8,0.0020072537,0.00047084581,0.99752194
TTAGGTCTTACAGC-2,Effector Memory CD8,Temra CD8,0.08868475,0.00024333903,0.9110719
AGCCAATGTTCCAT-5,Effector Memory CD8,Effector Memory CD8,0.9759177,0.021168957,0.0029133589
ATCTGTTGGGACTT-5,Temra CD8,Temra CD8,0.0686194,0.0026085998,0.928772
GCAATTCTCGTACA-6,Effector Memory CD8,Naive CD8,0.2134833,0.78077376,0.0057429904
CACCGTACGCATAC-6,Temra CD8,Temra CD8,0.070614256,0.00087512075,0.92851067
TAGATTGACCCTCA-4,Effector Memory CD8,Effector Memory CD8,0.9980032,0.00087829254,0.0011185614
TCACCGTGGGGTGA-5,Temra CD8,Temra CD8,0.032161918,0.0017768253,0.96606123
ACCCAAGAGTCGAT-1,Temra CD8,Temra CD8,0.064172424,0.0010945329,0.934733
GAGCAGGAACCCAA-3,Effector Memory CD8,Effector Memory CD8,0.76468325,0.016976964,0.2183398
TTAGAATGAAGATG-3,Effector Memory CD8,Effector Memory CD8,0.88382196,0.10619694,0.009981108
GGTACAACTTCTAC-2,Naive CD8,Naive CD8,0.0061719962,0.99341077,0.0004172145
GAGGACGAAGCATC-7,Temra CD8,Temra CD8,0.0022044058,9.0911366e-05,0.9977047
CATATAGACTGACA-7,Naive CD8,Naive CD8,0.00046360557,0.9994709,6.5463435e-05
GAGCGCTGTCAGTG-6,Naive CD8,Naive CD8,0.00049618835,0.99944025,6.355864e-05
CGTTATACACGGTT-3,Naive CD8,Naive CD8,0.009054155,0.988431,0.0025148212
GCATTGGATAAGGA-2,Effector Memory CD8,Effector Memory CD8,0.9990231,0.0005172802,0.0004596211
AACAATACGGTGTT-7,Effector Memory CD8,Effector Memory CD8,0.9962251,0.0016890436,0.002085805
CACTGAGAAACGGG-2,Temra CD8,Temra CD8,0.00033899682,0.00017650824,0.9994844
TGGATTCTAGAGTA-2,Naive CD8,Naive CD8,0.07338304,0.9257753,0.00084173057
AACACGTGGCGTAT-8,Effector Memory CD8,Effector Memory CD8,0.9735057,0.002312262,0.024181996
GGCCGATGCAAAGA-2,Effector Memory CD8,Effector Memory CD8,0.9933981,0.0033972037,0.0032046842
CATAAAACCCAATG-5,Temra CD8,Temra CD8,0.0025072005,0.00016719046,0.99732554
ACAATAACCTCTAT-3,Effector Memory CD8,Temra CD8,0.37554297,0.0036392214,0.62081784
CGACCGGACTGGTA-7,Temra CD8,Temra CD8,0.06961482,0.0075054527,0.92287976
CCTCGAACCACTTT-7,Temra CD8,Temra CD8,0.0028474035,0.00017785965,0.9969747
CACGATGAGTTTCT-2,Effector Memory CD8,Effector Memory CD8,0.99772304,0.0006633385,0.0016136145
ATTCGACTTCCGAA-4,Effector Memory CD8,Effector Memory CD8,0.99238855,0.0014124269,0.006198975
AGAGTCTGCTACCC-4,Temra CD8,Temra CD8,0.0007907859,0.00017349406,0.9990357
TCTCCACTACGTTG-4,Effector Memory CD8,Effector Memory CD8,0.97917217,0.00065396307,0.02017393
ATGTTAGAAGGCGA-3,Effector Memory CD8,Effector Memory CD8,0.98782617,0.0004015925,0.011772292
TCCGAGCTCATTCT-1,Effector Memory CD8,Effector Memory CD8,0.9970138,0.0016154534,0.0013707259
TATCTTCTAAGCAA-7,Effector Memory CD8,Effector Memory CD8,0.97800463,0.018584585,0.0034107647
GATCTTTGGAAACA-8,Effector Memory CD8,Effector Memory CD8,0.99829704,0.0002813178,0.0014216311
ATGCGCCTGTACGT-1,Temra CD8,Temra CD8,0.0017372962,0.00021380809,0.9980489
GTACGAACTTCTCA-1,Effector Memory CD8,Effector Memory CD8,0.9902749,0.0038640841,0.0058610467
CATTGTACACAGTC-1,Effector Memory CD8,Effector Memory CD8,0.9903779,0.0077361357,0.0018859701
TAAGTAACGGAAGC-1,Temra CD8,Temra CD8,0.00089425815,0.00014282786,0.9989629
AGGGCCACTCACCC-7,Effector Memory CD8,Effector Memory CD8,0.9988182,0.0005021844,0.0006795708
TGTGACGATTGCGA-1,Naive CD8,Naive CD8,0.0070113344,0.9926621,0.0003266007
CGTTAGGAACACCA-7,Naive CD8,Naive CD8,0.00040428207,0.99950576,8.996508e-05
CCATCGTGCTCAGA-1,Effector Memory CD8,Effector Memory CD8,0.9987684,0.00026671946,0.0009648974
TACCATTGTATGGC-6,Effector Memory CD8,Effector Memory CD8,0.87976635,0.024635313,0.095598325
ATTCAGCTCCTTGC-6,Naive CD8,Effector Memory CD8,0.7436275,0.25303975,0.0033327448
AAACATACCTGATG-2,Naive CD8,Naive CD8,0.0018999683,0.9980422,5.7738125e-05
CACTGCTGCAGTTG-3,Naive CD8,Naive CD8,0.002808307,0.9970728,0.00011882681
ATAGGCTGCGACTA-3,Effector Memory CD8,Effector Memory CD8,0.9490908,0.033505246,0.01740403
ATTGCTACACCAAC-5,Naive CD8,Naive CD8,0.021064144,0.9784127,0.0005232068
TCCGAAGAAACGGG-3,Effector Memory CD8,Effector Memory CD8,0.9858818,0.011778716,0.0023395182
GGTAAAGATTGACG-4,Naive CD8,Naive CD8,0.0034943821,0.99618727,0.00031839765
CAAGCTGATGCAAC-7,Effector Memory CD8,Effector Memory CD8,0.9876062,0.0062450576,0.0061486475
CTTGATTGACCTGA-6,Temra CD8,Temra CD8,0.011770327,0.00028593643,0.98794377
TGCCCAACCCCTAC-2,Temra CD8,Temra CD8,0.007827251,0.00028443034,0.99188834
TGTCAGGACTTGGA-5,Naive CD8,Naive CD8,0.0018417023,0.99784684,0.00031149198
ATCCGCACAAAGTG-7,Effector Memory CD8,Effector Memory CD8,0.90914035,0.08262614,0.008233546
TCTTGATGGACTAC-6,Naive CD8,Naive CD8,0.0037084685,0.99605125,0.00024033476
ACTTGGGAACGGAG-3,Naive CD8,Naive CD8,0.024188645,0.97442967,0.0013816792
CACTGCACTCTTAC-7,Temra CD8,Temra CD8,0.0004711985,0.0001738321,0.999355
CACTAACTTTACTC-8,Naive CD8,Naive CD8,0.04707653,0.95237064,0.00055288605
GATTGGACCTAAGC-6,Temra CD8,Temra CD8,0.001468721,0.000115743016,0.99841547
AGGTACACCTAGTG-7,Naive CD8,Naive CD8,0.00022367114,0.9996061,0.00017026327
CATAACCTTAAGGA-3,Effector Memory CD8,Effector Memory CD8,0.5111109,0.0027919495,0.48609713
CAAGACTGGAGGCA-3,Effector Memory CD8,Effector Memory CD8,0.9339795,0.0020158973,0.064004615
GTGCCACTTGAAGA-6,Temra CD8,Temra CD8,0.003692699,6.9782975e-05,0.9962375
CGGAGGCTCTTGAG-4,Naive CD8,Naive CD8,0.00065446884,0.99919873,0.000146786
