Cell ID,True Label,Predicted Label,Effector Memory CD4 Probability,Naive/Central CD4 Probability,T-reg CD4 Probability
TTTCCAGATAACCG-2,Naive/Central CD4,Naive/Central CD4,0.05309233,0.9457818,0.0011259024
GTGGATTGTGCGTA-5,Naive/Central CD4,Effector Memory CD4,0.7302972,0.2659344,0.0037683614
TCGATACTGGACTT-8,Naive/Central CD4,Naive/Central CD4,0.0043587806,0.9954927,0.00014845717
GCACAAACCCCGTT-6,Naive/Central CD4,Naive/Central CD4,0.0127661005,0.9863214,0.0009124743
TGATAAACCGATAC-1,Naive/Central CD4,Naive/Central CD4,0.018552398,0.98073465,0.00071290886
TGTAACCTCTCTAT-1,Naive/Central CD4,Naive/Central CD4,0.0012972354,0.9986688,3.4036948e-05
AGCACAACATACCG-5,Naive/Central CD4,Naive/Central CD4,0.02673611,0.97173,0.0015338373
CGAGGGCTCTTACT-1,Naive/Central CD4,Effector Memory CD4,0.70422536,0.2675521,0.028222509
ACCGCGGAGATAAG-5,T-reg CD4,T-reg CD4,0.105360284,0.379492,0.5151477
AAACGCTGTCGCTC-1,Effector Memory CD4,Effector Memory CD4,0.9988298,0.0011331886,3.706644e-05
AAGTGGCTGCCCTT-8,T-reg CD4,T-reg CD4,0.01957442,5.717162e-05,0.98036844
GCGAAGGATCTGGA-6,T-reg CD4,T-reg CD4,0.08263506,0.3734644,0.54390055
TCACATACGGTGTT-1,Naive/Central CD4,Naive/Central CD4,0.01373266,0.98560995,0.0006574048
CTGGATGATCAAGC-6,Naive/Central CD4,Naive/Central CD4,0.000937522,0.99898547,7.7001205e-05
AGGGAGTGCTAGCA-3,Naive/Central CD4,Naive/Central CD4,0.004131308,0.9953713,0.00049742695
TGTTACACCAGATC-6,Naive/Central CD4,Naive/Central CD4,0.003258254,0.9966274,0.0001142726
AGGTGGGACTACTT-7,T-reg CD4,T-reg CD4,0.14973737,0.021008251,0.8292544
AAATCCCTCTGTCC-5,Effector Memory CD4,Effector Memory CD4,0.98332477,0.012117314,0.004557885
CAGACTGAATTTCC-3,Effector Memory CD4,Naive/Central CD4,0.015959898,0.9821962,0.0018438629
CGGGACTGCATGCA-2,Naive/Central CD4,Naive/Central CD4,0.0139029985,0.98426104,0.0018358969
TCGCAAGAGCGAGA-5,Naive/Central CD4,Naive/Central CD4,0.0033951926,0.99421126,0.0023934683
ATCGGAACGGAGTG-3,Effector Memory CD4,Naive/Central CD4,0.04154486,0.9479737,0.010481455
TCAAGGTGGAGACG-2,Naive/Central CD4,Naive/Central CD4,0.015955972,0.6011614,0.3828826
GCACCTACTGGTGT-6,Effector Memory CD4,Naive/Central CD4,0.0994982,0.8924845,0.008017326
CGAGGAGATGGAGG-6,Effector Memory CD4,Naive/Central CD4,0.3848854,0.596079,0.019035555
TTGAGGTGTTTCAC-3,Effector Memory CD4,Effector Memory CD4,0.85472596,0.1146654,0.030608676
CATGAGACGTCTTT-8,Effector Memory CD4,Effector Memory CD4,0.99032485,0.009413335,0.00026180863
AGTAATACGGCATT-8,Naive/Central CD4,Naive/Central CD4,0.0028190245,0.99640036,0.00078065915
GTTCAGGACTCTCG-4,T-reg CD4,T-reg CD4,0.003076978,0.0021427427,0.9947803
CTATCCCTTCCGTC-2,Naive/Central CD4,Naive/Central CD4,0.06390185,0.9286317,0.0074664773
AGAGCTACTGGAAA-1,Naive/Central CD4,Naive/Central CD4,0.011840355,0.98794156,0.00021811634
CCTGGACTAGGGTG-8,Naive/Central CD4,Naive/Central CD4,0.042350825,0.945746,0.011903198
GGATTTCTGTGAGG-2,Naive/Central CD4,Naive/Central CD4,0.0024657934,0.9973501,0.00018414974
GGCCCAGAGCTGTA-5,Effector Memory CD4,Effector Memory CD4,0.64406604,0.33796522,0.017968755
AGCAAAGATCGCTC-6,Naive/Central CD4,Naive/Central CD4,0.013322276,0.986299,0.00037876007
GAGTCTGACTCCAC-7,Naive/Central CD4,Effector Memory CD4,0.7476859,0.24981853,0.0024955862
CAACTTTGTTCAGG-2,Naive/Central CD4,Naive/Central CD4,0.0020312502,0.99702567,0.00094310957
CTCGACACGACGAG-3,Effector Memory CD4,Naive/Central CD4,0.44122076,0.5577841,0.0009951349
GAAAGCCTCGAGAG-8,Effector Memory CD4,T-reg CD4,0.14822039,0.28790915,0.5638705
CTAACACTACCAGT-7,Naive/Central CD4,Naive/Central CD4,0.43898645,0.5570327,0.0039808494
CACCCATGTGGTAC-1,Naive/Central CD4,Naive/Central CD4,0.17908013,0.8200202,0.0008997158
GGGATGGACTACCC-5,Naive/Central CD4,Naive/Central CD4,0.0011403718,0.99846256,0.00039713233
GACTGATGCATACG-4,Naive/Central CD4,Naive/Central CD4,0.0086493,0.98315436,0.008196414
CCAGACCTCTCAAG-2,Effector Memory CD4,Effector Memory CD4,0.900936,0.095722005,0.0033420322
CGCACTTGCCGCTT-3,Effector Memory CD4,Effector Memory CD4,0.9102403,0.0534894,0.03627031
CTATAAGAGGGATG-7,Naive/Central CD4,Naive/Central CD4,0.0027196305,0.99713516,0.0001451717
TAGAAACTAGTGTC-7,Effector Memory CD4,Naive/Central CD4,0.20013988,0.79918367,0.0006764982
ATTAGATGGCGAAG-8,Naive/Central CD4,Naive/Central CD4,0.074468546,0.88409954,0.04143191
GCAGTCCTACAGCT-6,Naive/Central CD4,Naive/Central CD4,0.010806232,0.98808855,0.0011051949
TCTGATACCTTGTT-4,Effector Memory CD4,Effector Memory CD4,0.98760766,0.008193119,0.004199206
AAGAAGACTCGTTT-2,Naive/Central CD4,Effector Memory CD4,0.8365817,0.1308663,0.032551974
CGACTGCTAAGATG-3,Naive/Central CD4,Naive/Central CD4,0.06463134,0.9326876,0.002681056
ACGAAGCTAGAGTA-2,Naive/Central CD4,Effector Memory CD4,0.5089199,0.47917944,0.011900691
GACGCCGATCCCAC-8,Naive/Central CD4,Naive/Central CD4,0.0085411705,0.9911622,0.00029659568
CGCCTAACTATCGG-6,Effector Memory CD4,Effector Memory CD4,0.986592,0.00922639,0.0041816263
AGCGATACCGTTAG-5,Naive/Central CD4,Naive/Central CD4,0.030516721,0.9660136,0.0034696946
ATTCTTCTGGACAG-8,Naive/Central CD4,Naive/Central CD4,0.005730708,0.9941261,0.00014321464
GGACGCTGGGAGGT-6,Naive/Central CD4,Naive/Central CD4,0.0029037236,0.9969037,0.00019249202
TTCATTCTCACTGA-4,Naive/Central CD4,Naive/Central CD4,0.011618893,0.98813766,0.00024345407
GTCGAATGACGGGA-7,Naive/Central CD4,T-reg CD4,0.121042095,0.20284903,0.6761089
TCCCACGAAGTCAC-6,T-reg CD4,Naive/Central CD4,0.062499095,0.72245336,0.21504761
CACGGGACCATGGT-7,Effector Memory CD4,Effector Memory CD4,0.97698635,0.018733393,0.0042803045
CATATAGAATTCCT-4,Effector Memory CD4,Effector Memory CD4,0.8852234,0.112744085,0.0020325508
GCAATTCTTGGAAA-1,Naive/Central CD4,Naive/Central CD4,0.0015814537,0.9982607,0.00015791877
AACCAGTGTCAGAC-1,Naive/Central CD4,Naive/Central CD4,0.0018708245,0.997903,0.0002262037
AGCGGCACACACAC-2,Effector Memory CD4,Effector Memory CD4,0.9823829,0.013882511,0.0037346086
GAGGACGATCCTCG-1,Naive/Central CD4,Naive/Central CD4,0.0003036742,0.99946696,0.00022942762
CAAGGTTGACACTG-3,Naive/Central CD4,Naive/Central CD4,0.0032640626,0.9965928,0.00014309718
AAGCGTACTCTGGA-7,Effector Memory CD4,Effector Memory CD4,0.9905704,0.006266293,0.0031633321
CCACGGGATGACAC-7,Effector Memory CD4,Effector Memory CD4,0.9910773,0.0048864754,0.0040362705
GCAAACTGTCGCCT-7,Naive/Central CD4,Naive/Central CD4,0.0015085504,0.9983103,0.00018109623
GACTCCTGCCTTGC-3,Naive/Central CD4,Naive/Central CD4,0.003366439,0.9963486,0.00028492408
TTAGGGTGAAAGTG-5,Naive/Central CD4,Naive/Central CD4,0.020998843,0.9788239,0.00017721775
ACTTCAACCATTCT-8,T-reg CD4,T-reg CD4,0.0908993,0.4014617,0.507639
CTAATAGATAAGGA-5,Naive/Central CD4,Naive/Central CD4,0.006423593,0.9930761,0.00050035864
ATGTCACTGAGAGC-4,Naive/Central CD4,Naive/Central CD4,0.049266696,0.9364049,0.01432838
TAAACAACGAGCAG-5,Naive/Central CD4,Naive/Central CD4,0.0035146975,0.99573225,0.0007530943
CACAGAACGTATCG-7,Naive/Central CD4,Naive/Central CD4,0.0056280335,0.9879693,0.006402636
GCACGGTGCCAAGT-3,Naive/Central CD4,Naive/Central CD4,0.005337021,0.9943615,0.00030147657
GCTCCATGTGTCAG-7,T-reg CD4,T-reg CD4,0.0047181635,0.002390871,0.99289095
GAAGTCACCTTGTT-5,Naive/Central CD4,Naive/Central CD4,0.010140746,0.9892686,0.000590624
AGTACTCTCGTACA-8,Effector Memory CD4,Effector Memory CD4,0.9633035,0.026573412,0.010123066
CTATAAGACTCTAT-5,Effector Memory CD4,Effector Memory CD4,0.8564602,0.14050122,0.003038586
CGTTAGGACTATGG-2,Naive/Central CD4,Naive/Central CD4,0.018199256,0.98021436,0.0015863351
CTGGCACTCATTGG-5,Naive/Central CD4,Naive/Central CD4,0.012627117,0.98662204,0.000750775
CGGTACCTGAACCT-7,Naive/Central CD4,Effector Memory CD4,0.9520589,0.046516277,0.0014248281
TGTAAAACCCTGTC-7,Naive/Central CD4,Naive/Central CD4,0.0028083462,0.99698263,0.00020899514
TATACGCTGGATCT-7,Effector Memory CD4,Effector Memory CD4,0.92390865,0.02452018,0.051571243
AGATATTGAAAGCA-3,Naive/Central CD4,Naive/Central CD4,0.044142507,0.9551215,0.0007359475
TCACGAGATGTGGT-5,T-reg CD4,T-reg CD4,0.003562426,0.0008220504,0.9956155
TCCATCCTGGAGGT-5,Naive/Central CD4,Naive/Central CD4,0.0023664723,0.995323,0.0023105145
GTGACAACTTGCTT-8,Naive/Central CD4,Naive/Central CD4,0.002945831,0.9923624,0.0046918346
ATGTTCACCGTTAG-2,Naive/Central CD4,Naive/Central CD4,0.026868915,0.97064924,0.002481815
GAGCGCACACACAC-2,Naive/Central CD4,Naive/Central CD4,0.003356768,0.9962089,0.00043429865
AGGTTCGATCACCC-1,T-reg CD4,T-reg CD4,0.004976395,0.000121284196,0.99490225
ACTCGAGATACTCT-6,Naive/Central CD4,Naive/Central CD4,0.0043720817,0.9952825,0.00034544314
AGTACTCTTTCGCC-2,Effector Memory CD4,Effector Memory CD4,0.8862692,0.102858126,0.010872692
CACCTGACACACGT-4,Naive/Central CD4,Naive/Central CD4,0.014380472,0.9845697,0.0010498221
TGTCAGGACACTGA-5,T-reg CD4,Effector Memory CD4,0.9608419,0.009986349,0.029171715
ATAGGAGATCCTAT-4,Effector Memory CD4,Effector Memory CD4,0.80672866,0.0095371585,0.18373418
ACTCCTCTGAGGGT-4,Naive/Central CD4,Naive/Central CD4,0.00018151845,0.99931896,0.0004995575
GGAGCGCTCGATAC-1,Effector Memory CD4,Effector Memory CD4,0.8476381,0.082971826,0.06939011
GCGGAGCTGTATGC-1,Naive/Central CD4,Naive/Central CD4,0.015578197,0.8934041,0.091017686
AAATTGACTCGCTC-7,Effector Memory CD4,Naive/Central CD4,0.32990965,0.66329724,0.0067931376
AGCTTTACTACTCT-6,T-reg CD4,T-reg CD4,0.053496215,0.25037873,0.6961251
CAGAGGGATGCTTT-1,Effector Memory CD4,Naive/Central CD4,0.1718117,0.77414423,0.054044064
ATGATAACCTAGAC-1,T-reg CD4,Naive/Central CD4,0.1191911,0.86274236,0.018066524
TCCCACGAGCATCA-7,Naive/Central CD4,Naive/Central CD4,0.0061672674,0.99317473,0.0006579497
ATTGCGGAGTTGTG-6,Naive/Central CD4,Naive/Central CD4,0.0023296282,0.9975006,0.00016971292
AGCAAAGATGGTTG-3,Naive/Central CD4,Naive/Central CD4,0.016726688,0.9795935,0.003679836
AATGCGTGACACCA-4,Effector Memory CD4,Effector Memory CD4,0.9945528,0.0043112435,0.0011359361
TAATGCCTTGCATG-2,Naive/Central CD4,Naive/Central CD4,0.03550326,0.9629667,0.001530075
CACAATCTCGGTAT-1,Naive/Central CD4,Naive/Central CD4,0.00026206207,0.9993364,0.0004014715
AATCGGTGAGACTC-8,T-reg CD4,Effector Memory CD4,0.53606576,0.29761657,0.16631773
ATAGGCTGCTATGG-3,Naive/Central CD4,Naive/Central CD4,0.04660773,0.95288706,0.00050520286
TTGCATTGTACTCT-8,T-reg CD4,Effector Memory CD4,0.76930207,0.11572677,0.114971206
CAAGCATGGATAGA-5,Naive/Central CD4,Naive/Central CD4,0.015860246,0.9838943,0.00024548318
GCGCATCTACGACT-6,Naive/Central CD4,Naive/Central CD4,0.0010924315,0.9987962,0.000111280075
TAGTACCTCTATGG-4,Naive/Central CD4,Naive/Central CD4,0.17285086,0.8164009,0.010748312
GGCTCACTACCCTC-6,Naive/Central CD4,Effector Memory CD4,0.767036,0.22796367,0.00500036
CCTATAACGTTTGG-4,Naive/Central CD4,Naive/Central CD4,0.0056376257,0.9940269,0.00033548343
CAAATTGATGCAGT-3,Naive/Central CD4,Naive/Central CD4,0.00914245,0.990719,0.0001385879
CATTTGTGACCCTC-7,Naive/Central CD4,Naive/Central CD4,0.00716614,0.9926658,0.00016799461
TAAGGGCTACCTTT-6,Naive/Central CD4,Naive/Central CD4,0.005442264,0.9931201,0.0014376526
ATTTCCGATGTCTT-4,Effector Memory CD4,Naive/Central CD4,0.107183166,0.66480714,0.22800964
GAAGTGCTCTGTGA-1,Effector Memory CD4,Effector Memory CD4,0.9971021,0.0024276138,0.00047031516
TGGACTGAGGATCT-5,Naive/Central CD4,Naive/Central CD4,0.012083289,0.9869244,0.0009922598
ACGGATTGTCGATG-1,Naive/Central CD4,Naive/Central CD4,0.004200013,0.9926745,0.0031254096
AATTGTGACCTACC-6,Naive/Central CD4,Naive/Central CD4,0.22358276,0.77051824,0.005899033
GTCTAACTCAAAGA-2,Naive/Central CD4,Naive/Central CD4,0.0026221697,0.9971251,0.0002527252
CTATGACTATGGTC-1,Naive/Central CD4,Naive/Central CD4,0.001119478,0.9986405,0.00024001209
TTAGTCTGGTTAGC-6,Effector Memory CD4,Effector Memory CD4,0.5761761,0.41290426,0.0109196035
GCTACAGATTATCC-3,Naive/Central CD4,Naive/Central CD4,0.0024912045,0.99721104,0.00029775762
GACTCCTGGTTTCT-1,Naive/Central CD4,Naive/Central CD4,0.008677992,0.99057406,0.000747901
AACACTCTAGACTC-8,Effector Memory CD4,Effector Memory CD4,0.90852714,0.02033839,0.07113449
TTCGAGGACAGAGG-2,Naive/Central CD4,Naive/Central CD4,0.003036818,0.9964701,0.00049313786
CTCAGAGACTTGCC-8,Effector Memory CD4,Effector Memory CD4,0.93956697,0.006733475,0.05369956
GAAATACTGGTTAC-1,Naive/Central CD4,Naive/Central CD4,0.31371808,0.67985624,0.006425703
AGAGTGCTCAAAGA-3,Effector Memory CD4,Effector Memory CD4,0.89489776,0.030460201,0.07464207
TATGCGGAGGACTT-6,Naive/Central CD4,Naive/Central CD4,0.00086776476,0.99893266,0.0001995817
TGTATGCTCTTGGA-3,Naive/Central CD4,Naive/Central CD4,0.00096137373,0.9988782,0.00016041625
GAAGAATGCGTGTA-6,Naive/Central CD4,Naive/Central CD4,0.0007039226,0.99911183,0.00018417531
TAACGTCTACACCA-5,Naive/Central CD4,Naive/Central CD4,0.0009560734,0.99898714,5.673381e-05
ACTTGACTCCGTAA-8,Naive/Central CD4,Naive/Central CD4,0.0137120625,0.980703,0.0055849045
GTAGCAACGTGAGG-3,Effector Memory CD4,Effector Memory CD4,0.8991195,0.09987254,0.0010079215
ATTGAATGTGGAGG-6,Naive/Central CD4,Naive/Central CD4,0.0012033784,0.9985996,0.0001970738
TAAGATTGTAACGC-5,Naive/Central CD4,Effector Memory CD4,0.50940806,0.48673007,0.0038618871
ATCGCGCTACCAAC-6,Naive/Central CD4,Naive/Central CD4,0.01819933,0.97358084,0.00821987
CTCAGGCTACGGGA-6,Naive/Central CD4,Naive/Central CD4,0.000510911,0.99938214,0.000106945176
TCGTAGGAACCTTT-4,Effector Memory CD4,Naive/Central CD4,0.38524413,0.61017686,0.004578974
AACCGCCTAGTGTC-3,Naive/Central CD4,Naive/Central CD4,0.0012483315,0.9983419,0.0004097677
CCAATGGATATCGG-7,Naive/Central CD4,Naive/Central CD4,0.0021036752,0.99770975,0.00018650321
TCATTGACTTCATC-7,Naive/Central CD4,Naive/Central CD4,0.0012038542,0.9986706,0.00012556034
CTAGTTTGCATTTC-7,Naive/Central CD4,Naive/Central CD4,0.0014443651,0.99732506,0.0012305053
GTGACAACCTCCCA-6,Naive/Central CD4,Naive/Central CD4,0.2558137,0.7380907,0.0060955985
AAGTAGGAGAAACA-1,Effector Memory CD4,Effector Memory CD4,0.9649075,0.033158053,0.001934403
TTCCTAGAATCGGT-2,Naive/Central CD4,Naive/Central CD4,0.0046674903,0.995054,0.0002785218
GAGTTGTGCAGAAA-7,Naive/Central CD4,Naive/Central CD4,0.0038004483,0.99595875,0.00024085163
GTAAGCACAAAAGC-5,Naive/Central CD4,Naive/Central CD4,0.0015279585,0.9980356,0.00043643854
TAAGGCTGACACGT-6,Naive/Central CD4,Naive/Central CD4,0.0619934,0.9373356,0.0006709813
TAGCTACTAACCGT-2,Naive/Central CD4,Naive/Central CD4,0.0005008295,0.999129,0.00037022898
ATCGCAGACCATAG-7,Effector Memory CD4,Effector Memory CD4,0.99870336,0.000660877,0.0006357732
CAGAGGGATGTCGA-6,Naive/Central CD4,Naive/Central CD4,0.02828945,0.9708311,0.00087937806
ATTGATGATCGTAG-8,Naive/Central CD4,Naive/Central CD4,0.0016213007,0.9980465,0.00033217206
AGCATTCTCCAAGT-1,Naive/Central CD4,Naive/Central CD4,0.0004641424,0.99946564,7.0230766e-05
ACGGAACTTCAGTG-4,Naive/Central CD4,Naive/Central CD4,0.010653046,0.98868644,0.00066050387
GGAACTTGTCCGTC-6,Naive/Central CD4,Naive/Central CD4,0.00638832,0.9916066,0.0020050344
AAGAAGACCTCCCA-5,Naive/Central CD4,Naive/Central CD4,0.0019256123,0.9979857,8.8675704e-05
ACTCGAGAGAGGTG-6,Naive/Central CD4,Naive/Central CD4,0.005488028,0.9942796,0.000232316
GACATTCTGTCATG-1,Naive/Central CD4,Naive/Central CD4,0.0016072164,0.99678063,0.001612118
CTCTAAACAGATGA-8,Effector Memory CD4,Naive/Central CD4,0.3308713,0.66265464,0.006474039
CTAACGGACTCTAT-5,Naive/Central CD4,Naive/Central CD4,0.13037667,0.8667305,0.0028927713
GGATACTGGGAGGT-1,Effector Memory CD4,Effector Memory CD4,0.9687673,0.028360195,0.0028725378
GAAGTGCTTGGAAA-7,Naive/Central CD4,Naive/Central CD4,0.0012741999,0.9986424,8.343411e-05
GACCTAGAGCAGTT-4,Naive/Central CD4,Naive/Central CD4,0.31498173,0.6776612,0.0073570716
GTAAGCACGTGCTA-5,Naive/Central CD4,Naive/Central CD4,0.027551295,0.9575703,0.014878384
AAGAATCTGGTCTA-3,Naive/Central CD4,Naive/Central CD4,0.0014590478,0.9978921,0.0006488881
GCAAACTGCACTTT-3,Effector Memory CD4,Effector Memory CD4,0.9928926,0.006207671,0.00089971005
TTTCAGTGACGGTT-2,Naive/Central CD4,Naive/Central CD4,0.18753684,0.81115335,0.0013098493
AACTACCTCAAGCT-6,Effector Memory CD4,Effector Memory CD4,0.962595,0.036476232,0.00092879136
GGTAGTACACTAGC-5,Naive/Central CD4,Naive/Central CD4,0.0027293204,0.99665064,0.00062004867
CGCACTACAGGCGA-1,Effector Memory CD4,Effector Memory CD4,0.8291607,0.16396095,0.006878334
GTACAGTGCTTGAG-5,Naive/Central CD4,Naive/Central CD4,0.0045890473,0.99384105,0.0015698925
CGAACATGTGAGAA-1,Naive/Central CD4,Naive/Central CD4,0.194359,0.8039621,0.0016789078
GTCACAGATTTCGT-8,Effector Memory CD4,Effector Memory CD4,0.96595263,0.00052111497,0.033526286
CTGTGAGACCTTGC-6,T-reg CD4,T-reg CD4,0.0698032,0.023381824,0.906815
CTTGTATGCACTCC-6,Naive/Central CD4,Naive/Central CD4,0.013939132,0.98595226,0.00010866428
GCCTGACTCAAGCT-4,Naive/Central CD4,Effector Memory CD4,0.5577834,0.43373626,0.00848034
CGTGATGATGCTCC-6,T-reg CD4,Unclassified,0.46387056,0.0760516,0.46007788
GTTAACCTCACTCC-8,Effector Memory CD4,Effector Memory CD4,0.85449797,0.13245073,0.013051331
AGCCACCTTAAGGA-1,Naive/Central CD4,Naive/Central CD4,0.0017351315,0.99778914,0.00047566276
ACTTAGCTAGTAGA-2,Naive/Central CD4,Naive/Central CD4,0.014305444,0.9855495,0.00014503323
CAATCTACTCGTTT-6,Naive/Central CD4,Naive/Central CD4,0.0058658575,0.9907494,0.003384684
GAGAGGTGCGTTGA-3,Naive/Central CD4,Naive/Central CD4,0.00026117833,0.9996691,6.975434e-05
ATGATATGCCCTCA-4,Effector Memory CD4,Naive/Central CD4,0.11440067,0.8843728,0.0012265547
GATAGCACAAACAG-7,Naive/Central CD4,Naive/Central CD4,0.007123064,0.9927088,0.00016805797
CTCTAAACCCTTGC-6,Naive/Central CD4,Naive/Central CD4,0.010088014,0.94963956,0.040272363
TCAGACGATCAGGT-2,Naive/Central CD4,Naive/Central CD4,0.0026643989,0.9967338,0.00060189434
ACTCCTCTCTACGA-8,Effector Memory CD4,Effector Memory CD4,0.8893357,0.10485185,0.0058125183
AATCCTACCTGGAT-7,Naive/Central CD4,Naive/Central CD4,0.023203675,0.97276115,0.004035166
ACCCACTGTTGCAG-7,Naive/Central CD4,Naive/Central CD4,0.21432325,0.7686306,0.01704615
CATCAGGAACTGGT-8,T-reg CD4,Naive/Central CD4,0.117566936,0.8403152,0.04211786
AGAGCGGACGACTA-2,Naive/Central CD4,Naive/Central CD4,0.00908672,0.9901872,0.00072597456
CACTTATGTTCGGA-6,Naive/Central CD4,Naive/Central CD4,0.030949246,0.967096,0.0019548025
GAGGTTTGTAACCG-1,Effector Memory CD4,Effector Memory CD4,0.97420985,0.0046534273,0.021136757
CGAAGTACTGCTAG-8,Naive/Central CD4,Naive/Central CD4,0.0009770897,0.99886477,0.00015815288
ACGTAGACTCCTTA-3,Naive/Central CD4,Naive/Central CD4,0.02063044,0.9787961,0.00057341246
TTATGGCTGGCATT-1,Naive/Central CD4,Naive/Central CD4,0.0011734008,0.99865365,0.0001728696
TACTTGACCTTCTA-1,Naive/Central CD4,Naive/Central CD4,0.0013813964,0.9983802,0.00023839736
ATTGTAGACCCAAA-7,Naive/Central CD4,Effector Memory CD4,0.6130381,0.379153,0.0078088297
TTGTAGCTCTGAAC-1,Naive/Central CD4,Naive/Central CD4,0.0009111436,0.99888355,0.00020526016
AGTTGTCTCACAAC-4,Effector Memory CD4,Effector Memory CD4,0.9836838,0.014436791,0.0018793469
ATCACACTGTGCTA-6,Naive/Central CD4,Naive/Central CD4,0.001116606,0.99818295,0.0007003794
ACCACGCTCTGATG-1,Effector Memory CD4,Effector Memory CD4,0.95147735,0.031907678,0.016614905
CATCTCCTTTGCAG-6,Naive/Central CD4,Naive/Central CD4,0.0076544187,0.9912368,0.0011088346
ATTTCTCTGAGGCA-7,Effector Memory CD4,Effector Memory CD4,0.8353188,0.16354746,0.0011337486
TGCCAGCTTCGCAA-7,Naive/Central CD4,Naive/Central CD4,0.0003910153,0.99923754,0.0003714163
CTTAACACCTTACT-6,Naive/Central CD4,Naive/Central CD4,0.04761676,0.9426047,0.009778462
CGCAGGTGAGGCGA-4,Naive/Central CD4,Naive/Central CD4,0.35700303,0.62344706,0.019549916
TGGTACGATTCTGT-5,Naive/Central CD4,Naive/Central CD4,0.0021449048,0.99742115,0.00043393436
AGTACTCTTTCTTG-7,Effector Memory CD4,Effector Memory CD4,0.99616975,0.0034716872,0.00035860293
TGGGTATGCAGTCA-8,Naive/Central CD4,Naive/Central CD4,0.054033063,0.94510114,0.0008657632
ATAGGAGACTATTC-4,Effector Memory CD4,Effector Memory CD4,0.97706455,0.02170288,0.0012325923
AAGACAGAGAGCTT-5,Naive/Central CD4,Naive/Central CD4,0.09005881,0.90718615,0.0027550193
ATGTACCTTCACCC-4,Naive/Central CD4,Naive/Central CD4,0.00043755598,0.9994112,0.00015125252
GAACAGCTTCTGGA-2,Naive/Central CD4,Naive/Central CD4,0.0042252517,0.9955461,0.00022862808
AATCTCTGTAAGGA-6,Effector Memory CD4,Effector Memory CD4,0.96336645,0.036304753,0.0003287892
TCTAACACCTAAGC-1,Effector Memory CD4,Effector Memory CD4,0.9940923,0.0029267678,0.0029809969
TAGGTGACATCTTC-2,Effector Memory CD4,Effector Memory CD4,0.62583816,0.353117,0.021044787
CTACAACTTGCTCC-2,Naive/Central CD4,Naive/Central CD4,0.00074483675,0.99915147,0.000103744016
ATCGGAACGAGATA-5,Naive/Central CD4,Naive/Central CD4,0.0050557307,0.994592,0.00035227515
GGAGTTACTCAAGC-1,Effector Memory CD4,Effector Memory CD4,0.95707166,0.036161795,0.006766549
GTGTACGAAAGATG-7,Naive/Central CD4,Naive/Central CD4,0.0030410485,0.9965293,0.0004296487
AGTGTGACCAATCG-8,Effector Memory CD4,Naive/Central CD4,0.04702605,0.9440009,0.008973106
AGTGTGACTTTGGG-4,Naive/Central CD4,Naive/Central CD4,0.010165339,0.9859752,0.0038594408
GCAATTCTCAGTTG-1,Naive/Central CD4,Naive/Central CD4,0.0009770538,0.9986381,0.000384809
GGACGAGACTGGTA-8,Naive/Central CD4,Naive/Central CD4,0.0017281671,0.9981754,9.648571e-05
CGTGAATGTTGACG-5,Effector Memory CD4,Naive/Central CD4,0.111250356,0.88813627,0.000613356
GCCAAATGGTGTTG-2,Effector Memory CD4,Naive/Central CD4,0.026944801,0.942906,0.03014919
TACTCTGATGGTAC-6,Naive/Central CD4,Naive/Central CD4,0.08883381,0.9105713,0.0005949448
TACTAAGAAGTCGT-5,Naive/Central CD4,Naive/Central CD4,0.0036250672,0.99625164,0.00012329218
TTGTCATGTTTGCT-5,Effector Memory CD4,Naive/Central CD4,0.10410318,0.8842007,0.011696129
CAACCAGAACCTAG-6,Naive/Central CD4,Naive/Central CD4,0.16004728,0.8381417,0.0018110861
CAGATCGACTGTGA-3,Naive/Central CD4,Naive/Central CD4,0.0016207813,0.99783903,0.00054018386
CATGTTACCCCTCA-7,Effector Memory CD4,Effector Memory CD4,0.9174287,0.078989245,0.0035821116
GTTAAAACTGGAAA-8,Effector Memory CD4,Naive/Central CD4,0.26113924,0.63991946,0.0989413
TTGCTAACGCCTTC-2,Naive/Central CD4,Naive/Central CD4,0.081693076,0.9175212,0.0007857039
TCCTATGAACTGTG-2,Naive/Central CD4,Naive/Central CD4,0.18579307,0.81273896,0.0014679311
GCGTAATGCTTCCG-5,Naive/Central CD4,Naive/Central CD4,0.0003315704,0.99958307,8.531413e-05
GATTCGGAGTTGCA-1,Naive/Central CD4,Naive/Central CD4,0.03285166,0.9657431,0.0014052577
TATCAAGATTCCCG-2,Naive/Central CD4,Naive/Central CD4,0.00086329307,0.9990552,8.149246e-05
TCTAACACTCTCAT-5,Naive/Central CD4,Naive/Central CD4,0.07949807,0.91943717,0.0010647775
AGAATACTCGTTGA-3,Effector Memory CD4,Effector Memory CD4,0.9607454,0.036865715,0.0023888664
CCGGAGACTGACCA-5,Effector Memory CD4,Naive/Central CD4,0.33862433,0.6589434,0.0024322118
ACCAGTGAATGCTG-3,Effector Memory CD4,Effector Memory CD4,0.6376455,0.36054042,0.0018141171
GATCATCTGTGTTG-7,Effector Memory CD4,Effector Memory CD4,0.8848994,0.10915336,0.0059473077
CCACCTGAAGATGA-7,Naive/Central CD4,Naive/Central CD4,0.00044787963,0.99936754,0.0001845467
ATTGTAGACCCAAA-8,Naive/Central CD4,Naive/Central CD4,0.10446646,0.88746625,0.008067325
GATATATGCTGGAT-7,Naive/Central CD4,Naive/Central CD4,0.002414032,0.9969989,0.0005870919
TCAGTTACTTCCCG-5,Naive/Central CD4,Naive/Central CD4,0.05810087,0.9404791,0.0014199957
TTCGATTGAAGGCG-1,Naive/Central CD4,Naive/Central CD4,0.0034174698,0.9964868,9.57696e-05
ACGCTCACTGACAC-3,Effector Memory CD4,Effector Memory CD4,0.97067237,0.026278269,0.0030493848
GACAGTTGAAGATG-5,T-reg CD4,T-reg CD4,0.002997838,0.00018992035,0.9968123
CCGGTACTAAGTGA-6,Naive/Central CD4,Naive/Central CD4,0.0011348565,0.99880195,6.323941e-05
TGGAGACTAACCAC-8,Naive/Central CD4,Naive/Central CD4,0.15819518,0.83644146,0.0053633633
GGACGCACCTCTAT-6,Naive/Central CD4,Naive/Central CD4,0.087400526,0.9120823,0.00051714387
GGACATTGTCCAAG-2,T-reg CD4,Naive/Central CD4,0.011604761,0.98270893,0.005686279
TACTGGGAATCTCT-4,Naive/Central CD4,Naive/Central CD4,0.0055462923,0.99105585,0.0033977912
CGCCTAACGAGGAC-4,Naive/Central CD4,Naive/Central CD4,0.10374865,0.854001,0.042250417
CGCCTAACGTCATG-7,Effector Memory CD4,Effector Memory CD4,0.84532106,0.1421689,0.01251006
AGACTCGAGCGAGA-6,Naive/Central CD4,Naive/Central CD4,0.0027305705,0.99700636,0.00026307802
CACGATGATCTCTA-6,Naive/Central CD4,Naive/Central CD4,0.0011358688,0.9978636,0.001000567
CATGAGACGCGATT-3,Naive/Central CD4,Naive/Central CD4,0.0059138914,0.9916612,0.0024249416
ACTCCTCTCGAATC-3,Naive/Central CD4,Naive/Central CD4,0.17159843,0.63204855,0.19635296
CACTCCGATACTCT-7,Naive/Central CD4,Naive/Central CD4,0.005630974,0.9940598,0.00030921501
CTCAGCTGCGAGAG-2,Naive/Central CD4,Naive/Central CD4,0.010425154,0.9883803,0.0011944869
GCGATATGATGGTC-8,Effector Memory CD4,Effector Memory CD4,0.90811914,0.066500485,0.025380354
CGTTAACTACAGCT-1,Effector Memory CD4,Effector Memory CD4,0.7767016,0.20003483,0.023263589
ATTATGGAACCTAG-5,Naive/Central CD4,Naive/Central CD4,0.012013768,0.9860265,0.001959685
CGATCCACTGTAGC-5,Effector Memory CD4,Effector Memory CD4,0.7470246,0.08621651,0.16675891
GTGTACGAAGATGA-6,Naive/Central CD4,Naive/Central CD4,0.005210055,0.994293,0.00049697835
ATACAATGTTATCC-6,Naive/Central CD4,Naive/Central CD4,0.0841249,0.9042571,0.011618007
CGCATAGACTAGAC-5,Naive/Central CD4,Naive/Central CD4,0.0015535796,0.9982925,0.0001539109
ATAGTCCTGAACTC-4,Naive/Central CD4,Naive/Central CD4,0.00087672775,0.9988274,0.00029589335
GAGTGACTTGTCAG-7,Naive/Central CD4,Naive/Central CD4,0.0007506497,0.9990011,0.00024824674
AACCACGATCTTTG-5,T-reg CD4,Unclassified,0.320376,0.25796264,0.42166132
TATGGTCTGTGCAT-2,Naive/Central CD4,Naive/Central CD4,0.0012807628,0.9978155,0.0009037473
CGGATAACCCTCGT-1,Naive/Central CD4,Naive/Central CD4,0.0037699507,0.99547833,0.00075173355
TGTCTAACTCCTCG-2,Effector Memory CD4,Effector Memory CD4,0.9961649,0.0005538692,0.0032812613
GGGACCACCCGTTC-5,Naive/Central CD4,Naive/Central CD4,0.004792721,0.9950814,0.00012583614
TTCTTACTTGTAGC-8,Naive/Central CD4,Naive/Central CD4,0.0043285065,0.99400735,0.0016641942
CACAACGAGGATTC-4,Naive/Central CD4,Naive/Central CD4,0.0019443058,0.9978362,0.00021948467
TATGAATGGCAAGG-5,Naive/Central CD4,Naive/Central CD4,0.0018601535,0.99781066,0.00032926537
AGGTCATGCGTTAG-5,Effector Memory CD4,T-reg CD4,0.125458,0.23228678,0.64225525
TCGTTATGCTCGAA-7,T-reg CD4,T-reg CD4,0.022677908,0.040806364,0.9365157
TTCAGACTGACGAG-2,Naive/Central CD4,Naive/Central CD4,0.012315488,0.98746896,0.00021553025
GAAGTCACCTAAGC-6,Naive/Central CD4,Effector Memory CD4,0.9709991,0.02477297,0.004227918
GACTGTGAATCTTC-7,Effector Memory CD4,Effector Memory CD4,0.9303009,0.034556367,0.035142742
ATCGCCACAGGCGA-6,Naive/Central CD4,Naive/Central CD4,0.041218687,0.9576382,0.0011430699
GATATCCTTTTCTG-4,Naive/Central CD4,Naive/Central CD4,0.019953474,0.9795838,0.00046278283
ACCCGTTGGTACGT-4,Effector Memory CD4,T-reg CD4,0.3602058,0.004600958,0.6351933
CCCTTACTTGACTG-3,Naive/Central CD4,Naive/Central CD4,0.019193437,0.97880095,0.0020056453
CTAAACCTGGTACT-2,Effector Memory CD4,Effector Memory CD4,0.906333,0.09247071,0.0011962197
TATCGACTTGCTCC-4,Naive/Central CD4,Naive/Central CD4,0.11475518,0.88403666,0.0012081014
CAATTCTGCTGAAC-3,Naive/Central CD4,Naive/Central CD4,0.0005608171,0.99916327,0.0002758683
CGCCTAACAGCCTA-5,Naive/Central CD4,Naive/Central CD4,0.33083937,0.6688672,0.00029344144
ATTAAGACGAACCT-8,Naive/Central CD4,Naive/Central CD4,0.0026121028,0.9972083,0.00017964047
TCGAATCTCTGTTT-7,Naive/Central CD4,Naive/Central CD4,0.0006457504,0.99918157,0.00017268061
GACTGTGAATTTCC-3,Effector Memory CD4,Effector Memory CD4,0.9896881,0.00920372,0.0011081876
CACACCTGCTGCAA-6,Naive/Central CD4,Naive/Central CD4,0.0020251402,0.9978309,0.00014389936
GGCAATACTTTCTG-1,Naive/Central CD4,Naive/Central CD4,0.32027417,0.67853993,0.0011859139
GAAGTAGATCGTAG-4,Effector Memory CD4,Effector Memory CD4,0.9229219,0.063442476,0.0136356475
CTAAGGTGCGTAAC-6,Effector Memory CD4,Effector Memory CD4,0.9816082,0.015518957,0.002872775
TGACCAGATCAGTG-6,Naive/Central CD4,Naive/Central CD4,0.0007968631,0.9990601,0.0001430731
GATTCGGATCTCGC-5,Effector Memory CD4,Effector Memory CD4,0.7709489,0.14866702,0.08038407
TTCTACGATAAGCC-6,Naive/Central CD4,Naive/Central CD4,0.00111318,0.9987117,0.00017508872
CCGATAGAGCCAAT-5,Naive/Central CD4,Naive/Central CD4,0.0034222207,0.9960622,0.00051560084
GCCATGCTCCCTCA-8,Naive/Central CD4,Naive/Central CD4,0.001258662,0.99850935,0.00023198174
TATCTGACCTCAAG-8,Naive/Central CD4,Naive/Central CD4,0.122859016,0.67505556,0.2020854
AGCGCTCTCCCTTG-1,Naive/Central CD4,Naive/Central CD4,0.027517034,0.9701967,0.002286257
GATGACACCCCAAA-7,Effector Memory CD4,Effector Memory CD4,0.9966479,0.0017279853,0.0016241582
CTACTATGTCGCCT-1,Naive/Central CD4,Effector Memory CD4,0.9174014,0.066804744,0.015793903
GGCCCAGATAGAGA-3,Naive/Central CD4,Naive/Central CD4,0.0015086998,0.99820745,0.00028382798
TCGCACACAGTAGA-4,Naive/Central CD4,Naive/Central CD4,0.008777776,0.99101454,0.0002077082
AGAAACGAACACAC-3,T-reg CD4,Effector Memory CD4,0.5415738,0.23075725,0.2276689
CCTCTACTTGGCAT-2,Naive/Central CD4,Naive/Central CD4,0.0013096622,0.9979538,0.00073648803
TCATCAACCTTTAC-1,Naive/Central CD4,Naive/Central CD4,0.006568117,0.99245256,0.0009793342
ACTTCAACCGAGAG-1,Naive/Central CD4,Naive/Central CD4,0.013546519,0.9847744,0.0016790618
ACAGACACGCCAAT-1,Naive/Central CD4,Naive/Central CD4,0.021327727,0.97633874,0.0023335612
CCTAAACTGCTTCC-5,Naive/Central CD4,Naive/Central CD4,0.0036338367,0.99620515,0.00016108897
TCGGTAGACCCTAC-4,Naive/Central CD4,Effector Memory CD4,0.5326851,0.41934866,0.04796627
ATCGCAGATAAGCC-4,Naive/Central CD4,Naive/Central CD4,0.0026681547,0.9972115,0.00012036446
ATCGCCACTCGCTC-3,Effector Memory CD4,Effector Memory CD4,0.5890925,0.40713233,0.003775241
CCTCATCTCATTTC-1,Effector Memory CD4,Effector Memory CD4,0.98625565,0.011235669,0.0025087101
CATACTTGGAGCAG-1,Effector Memory CD4,Effector Memory CD4,0.58007455,0.37352195,0.046403464
TCTCAAACTACTCT-7,Effector Memory CD4,Effector Memory CD4,0.9905579,0.006282651,0.0031593894
GCGAGAGAGTAGGG-4,Naive/Central CD4,Effector Memory CD4,0.856064,0.1410402,0.0028958404
CCTATAACCCCACT-8,Naive/Central CD4,Naive/Central CD4,0.0006092552,0.9981614,0.0012293898
ATTAGTGAACCCAA-6,Naive/Central CD4,Naive/Central CD4,0.0017324253,0.9979684,0.00029921453
CCAGATGAACTCTT-1,Naive/Central CD4,Naive/Central CD4,0.039527107,0.95821553,0.002257284
GCAATCGAAACTGC-8,Effector Memory CD4,Effector Memory CD4,0.9764732,0.02324644,0.00028030062
CAATAAACGCAGAG-1,Effector Memory CD4,Effector Memory CD4,0.81517386,0.17844805,0.0063780425
GTCGACCTGGCATT-4,Naive/Central CD4,Naive/Central CD4,0.008743033,0.99067956,0.00057738204
AGGGTGGACGGGAA-6,Effector Memory CD4,Effector Memory CD4,0.9875288,0.012239214,0.00023196737
CTAATAGATGCTTT-1,Naive/Central CD4,Naive/Central CD4,0.011568756,0.98771137,0.00071990385
GCCATGCTACGCAT-2,Effector Memory CD4,Effector Memory CD4,0.5550909,0.37131256,0.07359657
GACGCCGAGTACGT-5,Effector Memory CD4,Effector Memory CD4,0.81164324,0.18707728,0.001279475
CGCACGGACTCAAG-6,Naive/Central CD4,Naive/Central CD4,0.18404637,0.8062393,0.009714303
TGCAAGTGCATGCA-1,Effector Memory CD4,Naive/Central CD4,0.3568281,0.6167812,0.02639067
AAACGGCTGGTAGG-1,T-reg CD4,Naive/Central CD4,0.089382224,0.87333846,0.037279338
AGGACACTGTTCAG-7,Naive/Central CD4,Naive/Central CD4,0.004542559,0.995381,7.643927e-05
TCGTAGGAGACAGG-8,T-reg CD4,Effector Memory CD4,0.51974034,0.031088658,0.449171
CCTATTGATTCTCA-3,Effector Memory CD4,Effector Memory CD4,0.7204032,0.25561672,0.023980102
CCGCGAGAAGCACT-7,Naive/Central CD4,Naive/Central CD4,0.008970537,0.989828,0.001201478
CTACTATGATCTCT-5,Effector Memory CD4,Effector Memory CD4,0.9728889,0.02641907,0.0006919811
TTCGATTGGTCTAG-3,Effector Memory CD4,Effector Memory CD4,0.98183423,0.014751043,0.0034146798
GAAACCTGCCGTAA-7,Naive/Central CD4,Naive/Central CD4,0.01274867,0.9831887,0.0040627024
AGATTCCTGGAGTG-5,T-reg CD4,T-reg CD4,0.29632798,0.0131525835,0.69051945
GCGCGAACCCAGTA-2,Naive/Central CD4,Naive/Central CD4,0.00044163963,0.9986689,0.00088948687
CACGGGTGCGTTAG-6,Naive/Central CD4,Naive/Central CD4,0.0019758807,0.9963301,0.0016939975
AAATTCGATATTCC-4,T-reg CD4,T-reg CD4,0.088565014,0.05983687,0.85159814
GTTACGGACGAGAG-7,Naive/Central CD4,Naive/Central CD4,0.22510329,0.7731596,0.0017370635
ACTATCACCCTAAG-8,Effector Memory CD4,Naive/Central CD4,0.17827749,0.7700072,0.051715266
GACCTCTGGTTTGG-7,Naive/Central CD4,Naive/Central CD4,0.0023226128,0.99736077,0.00031656423
CAGCTCTGAAAAGC-7,Naive/Central CD4,Naive/Central CD4,0.064590156,0.9018373,0.033572536
CTTACATGCATGAC-5,Naive/Central CD4,Naive/Central CD4,0.0010220918,0.9985423,0.0004356427
GCAGTCCTTGTTCT-8,T-reg CD4,T-reg CD4,0.28930044,0.0041376334,0.7065619
AACGCCCTAGATGA-5,Naive/Central CD4,Naive/Central CD4,0.16560824,0.7452994,0.089092344
TACACACTTGGTGT-1,Naive/Central CD4,Naive/Central CD4,0.007645275,0.99204975,0.00030499633
GATTCTTGACGGAG-4,Naive/Central CD4,Naive/Central CD4,0.0015546035,0.9984175,2.7901066e-05
GAGGGCCTTCATTC-7,Effector Memory CD4,Effector Memory CD4,0.9257579,0.027977757,0.04626439
TACCATTGACCCAA-3,Effector Memory CD4,Effector Memory CD4,0.97000647,0.01007331,0.019920185
CTTTAGTGGAACCT-8,Naive/Central CD4,Naive/Central CD4,0.019066574,0.9799693,0.0009641485
TATCCAACACGCTA-5,Effector Memory CD4,Naive/Central CD4,0.0050515463,0.9923828,0.0025656547
ACAGTGTGGTAAAG-4,Naive/Central CD4,Naive/Central CD4,0.0053015645,0.99427575,0.00042265418
CCAATTTGGTCTTT-7,Naive/Central CD4,Naive/Central CD4,0.006920105,0.9927181,0.00036174618
TTGTCATGAAAACG-1,Naive/Central CD4,Naive/Central CD4,0.0020411033,0.9978491,0.00010976883
AGAGTCACAGAGTA-7,Effector Memory CD4,Effector Memory CD4,0.8164139,0.18089597,0.0026901246
GAGAGGTGTTACCT-4,Effector Memory CD4,Effector Memory CD4,0.9903989,0.0064153057,0.0031857837
ACAATAACAGTCAC-7,Naive/Central CD4,Naive/Central CD4,0.0011567664,0.99513876,0.0037044443
ACACCCTGGACGAG-1,Naive/Central CD4,Naive/Central CD4,0.00555897,0.9939908,0.00045030448
CAGGAACTTTGCTT-8,Naive/Central CD4,Naive/Central CD4,0.0056082825,0.99363554,0.0007562168
AACAATACATTCCT-5,Effector Memory CD4,Effector Memory CD4,0.98032093,0.018410679,0.00126842
ATTCCATGGTATCG-4,Naive/Central CD4,Naive/Central CD4,0.026165424,0.9735737,0.0002608797
CGACCTACGGGAGT-4,Effector Memory CD4,Effector Memory CD4,0.758696,0.22646755,0.014836452
AACGCCCTGTTGGT-3,Effector Memory CD4,Effector Memory CD4,0.54565024,0.41477114,0.039578635
ATGCGCCTTTCGTT-6,Naive/Central CD4,Naive/Central CD4,0.048012327,0.9367304,0.01525726
GAGAAATGCCGTTC-6,Naive/Central CD4,Naive/Central CD4,0.0017633124,0.99789906,0.0003376467
GCTCCATGCTATTC-2,Naive/Central CD4,Naive/Central CD4,0.37608686,0.62217134,0.0017418475
GCAGCCGAAGCTCA-4,Effector Memory CD4,Effector Memory CD4,0.60989505,0.37650365,0.013601286
GCCTACACAGTAGA-8,Naive/Central CD4,Naive/Central CD4,0.004412762,0.99468404,0.00090317475
TACGGCCTACAGTC-3,Naive/Central CD4,Naive/Central CD4,0.0018812766,0.99806625,5.25173e-05
ACAATCCTCACTTT-1,Naive/Central CD4,Naive/Central CD4,0.004306899,0.995145,0.00054811063
TACTGGGACCGATA-6,Naive/Central CD4,Naive/Central CD4,0.0011574712,0.99872655,0.00011595533
GAGCTCCTTCTCGC-6,Naive/Central CD4,Naive/Central CD4,0.4938046,0.5019487,0.0042466884
GCTTAACTTCTCTA-8,Naive/Central CD4,Naive/Central CD4,0.0015175882,0.99578995,0.0026924661
TACGCCACCCACAA-7,Naive/Central CD4,Naive/Central CD4,0.0021038488,0.99755377,0.0003423541
TGAGGTACTGCATG-3,Naive/Central CD4,Naive/Central CD4,0.016827473,0.9826539,0.00051864976
TGGAAGCTGCTGTA-3,Naive/Central CD4,Naive/Central CD4,0.0011319636,0.9987845,8.351174e-05
GCCATCACATGTGC-3,Naive/Central CD4,Naive/Central CD4,0.0018894365,0.9978975,0.00021309622
ATTGCTACTATCGG-4,Naive/Central CD4,Naive/Central CD4,0.0020660232,0.9976388,0.00029518126
AATATCGAGCTTCC-1,Naive/Central CD4,Unclassified,0.49120533,0.4863487,0.02244594
ATTACCACTTGCAG-4,T-reg CD4,Naive/Central CD4,0.06349887,0.93000036,0.0065007443
CTATGTACAGACTC-2,Naive/Central CD4,Naive/Central CD4,0.00011750709,0.9997142,0.00016824555
AAGGTGCTCGGTAT-4,Naive/Central CD4,Naive/Central CD4,0.039286137,0.9595531,0.0011607265
GGCGCATGTACTTC-5,Naive/Central CD4,Naive/Central CD4,0.0031280168,0.99583143,0.0010405644
ATTCTGACTACTGG-6,Naive/Central CD4,Naive/Central CD4,0.005472927,0.99369735,0.0008297692
CGAGCGTGTGGCAT-1,Naive/Central CD4,Naive/Central CD4,0.03874634,0.9605786,0.0006750948
GGAGCAGACCAATG-3,Effector Memory CD4,Effector Memory CD4,0.9765902,0.0015165032,0.02189327
ATAGTCCTAGTACC-5,Naive/Central CD4,Effector Memory CD4,0.56251425,0.40544146,0.03204432
CCACTGACAAACAG-5,Naive/Central CD4,Naive/Central CD4,0.0005893397,0.9991424,0.00026827166
GCGGAGCTAACGAA-2,Effector Memory CD4,Effector Memory CD4,0.8178703,0.17934388,0.0027858417
AGACACTGGTGTTG-6,Naive/Central CD4,Naive/Central CD4,0.0017271402,0.9981351,0.00013776272
TATGGTCTACCCTC-6,Naive/Central CD4,Naive/Central CD4,0.01616214,0.9835277,0.00031013912
ATGACGTGTACTTC-8,Effector Memory CD4,Effector Memory CD4,0.6470143,0.007014398,0.34597126
GAGCAGGATGCCAA-2,Naive/Central CD4,Naive/Central CD4,0.0029546134,0.9968917,0.0001536879
CCTGAGCTCTCTCG-7,Naive/Central CD4,Naive/Central CD4,0.0045259325,0.9952813,0.00019275473
GTTAGGTGAGAGAT-1,Naive/Central CD4,Naive/Central CD4,0.017501717,0.98226637,0.00023184138
GAGGTGGACTATTC-1,Naive/Central CD4,Naive/Central CD4,0.00063259347,0.9989667,0.00040070285
CGAAGGGATCCGAA-1,Naive/Central CD4,Naive/Central CD4,0.0011777987,0.99848735,0.00033487374
GCAAGACTGGACGA-2,Naive/Central CD4,Naive/Central CD4,0.0015452383,0.99835,0.0001047202
GTCTGAGAATCGGT-1,Naive/Central CD4,Naive/Central CD4,0.0103151435,0.98924714,0.0004376863
CATCCCGAGGAGTG-2,Naive/Central CD4,Naive/Central CD4,0.00073435035,0.99886703,0.00039869908
GGTACATGCTCCAC-3,Naive/Central CD4,Naive/Central CD4,0.004209776,0.9956247,0.00016555561
TTAGTCACCCAGTA-4,Naive/Central CD4,Naive/Central CD4,0.0046086023,0.99055743,0.0048339237
TGGTAGTGGACGGA-8,Naive/Central CD4,Naive/Central CD4,0.008198742,0.99160236,0.0001988969
CAGGCCGAGGAGCA-8,Naive/Central CD4,Naive/Central CD4,0.006040676,0.99340504,0.0005542554
GTTAAAACACAGTC-4,Naive/Central CD4,Naive/Central CD4,0.15283702,0.84408337,0.0030795343
TCTAAGCTCTATTC-1,T-reg CD4,T-reg CD4,0.0700751,0.01913196,0.91079295
CGAGTATGGTGTTG-2,Naive/Central CD4,Naive/Central CD4,0.0032064144,0.99477416,0.0020194862
CATCGCTGGCGATT-4,Naive/Central CD4,Naive/Central CD4,0.24405783,0.75540453,0.00053761463
AGAACGCTACTCAG-6,Naive/Central CD4,Naive/Central CD4,0.07573831,0.91979486,0.0044669043
CAGGAACTGGTCAT-4,Naive/Central CD4,Naive/Central CD4,0.0047196527,0.99486756,0.00041280297
CGCTCATGGGCGAA-3,T-reg CD4,T-reg CD4,0.0040936726,0.00034034243,0.99556595
CCACTGTGCCACAA-2,T-reg CD4,Naive/Central CD4,0.0029665171,0.9955526,0.0014809207
CTTACATGACTGGT-8,Naive/Central CD4,Naive/Central CD4,0.023276633,0.972064,0.004659381
GCGTATGATGACCA-4,Effector Memory CD4,Effector Memory CD4,0.6604666,0.3322026,0.007330802
TGTAATGACAAGCT-2,Effector Memory CD4,Effector Memory CD4,0.74449986,0.10666396,0.14883624
TAACTAGACCTTTA-8,Naive/Central CD4,Naive/Central CD4,0.19057512,0.8051281,0.004296802
AGGATGCTCGACAT-6,Naive/Central CD4,Naive/Central CD4,0.0029805328,0.99645114,0.0005683238
GCGTATGATATTCC-5,Naive/Central CD4,Naive/Central CD4,0.0015760171,0.99826413,0.00015985504
ACCCGTACCATGGT-7,Naive/Central CD4,Naive/Central CD4,0.0019086518,0.9980075,8.389946e-05
TTGTAGCTACCATG-8,Naive/Central CD4,Naive/Central CD4,0.023734923,0.97488344,0.001381607
GGAGACGATCAGGT-7,Naive/Central CD4,Naive/Central CD4,0.0048357886,0.9946971,0.0004670856
AATTCCTGCTCGAA-4,Naive/Central CD4,Naive/Central CD4,0.02483392,0.9732154,0.0019506005
TCGAATCTTGGTTG-3,Naive/Central CD4,Effector Memory CD4,0.7043373,0.29115012,0.0045125606
TAGTTGCTTTCTAC-7,Naive/Central CD4,Naive/Central CD4,0.0030951686,0.99672204,0.00018283285
CGAGGAGACAGAGG-2,Effector Memory CD4,Effector Memory CD4,0.9518781,0.021418398,0.026703615
TCGAGCCTCATCAG-1,T-reg CD4,Effector Memory CD4,0.6199826,0.02198618,0.35803124
CATAAAACGACGTT-6,Naive/Central CD4,Naive/Central CD4,0.00053228595,0.99941313,5.459061e-05
GGAATGCTCAGCTA-6,Naive/Central CD4,Naive/Central CD4,0.0017840487,0.9978588,0.00035711273
TATTTCCTCTACGA-7,Naive/Central CD4,Naive/Central CD4,0.009969144,0.9895858,0.00044499646
CACTTAACCATGAC-8,Naive/Central CD4,Naive/Central CD4,0.027008936,0.97136104,0.0016300103
GAATGCTGTTACTC-7,Naive/Central CD4,Naive/Central CD4,0.33039767,0.65770644,0.011895942
AGGATAGAGCGTAT-6,Effector Memory CD4,Effector Memory CD4,0.9877843,0.0074308193,0.004784869
AATCGGTGTCCTTA-2,Naive/Central CD4,Naive/Central CD4,0.008273822,0.9913775,0.00034867827
CCCTACGACGCTAA-5,Naive/Central CD4,Naive/Central CD4,0.0057283337,0.9937947,0.00047693224
ATACCACTAAGTGA-2,Effector Memory CD4,Naive/Central CD4,0.11948138,0.878777,0.0017415382
CACAGTGAGAGGTG-7,Effector Memory CD4,Effector Memory CD4,0.9959875,0.0032803672,0.00073209935
ATTTGCACCACCAA-1,Naive/Central CD4,Naive/Central CD4,0.020371377,0.97523993,0.004388688
GACGTATGTGCGTA-1,Effector Memory CD4,T-reg CD4,0.06532686,0.010893333,0.9237798
AGGAACCTTACGCA-2,Naive/Central CD4,Naive/Central CD4,0.005273851,0.99431956,0.00040659
TACACACTCCAACA-5,T-reg CD4,T-reg CD4,0.015810834,0.0049126195,0.97927654
GGGCACACGGAGGT-7,Naive/Central CD4,Naive/Central CD4,0.001432438,0.99791235,0.0006552103
GAAAGTGAACAGCT-6,Effector Memory CD4,Effector Memory CD4,0.93740076,0.059668887,0.0029304265
GTCATACTGAACTC-3,Naive/Central CD4,Naive/Central CD4,0.0063338494,0.9931913,0.00047482696
CAGAGGGAAGACTC-7,Effector Memory CD4,Naive/Central CD4,0.25057477,0.74574,0.0036851696
GATTCTTGCTCTTA-5,Naive/Central CD4,Effector Memory CD4,0.77199197,0.18070644,0.047301624
